datetime_iso,datetime_ph,latitude_(n),longitude_(e),depth_km,mag,location,distance_km,bearing,reference_location
2026-10-11T05:35:00.000Z,11 October 2026 - 05:35 AM,06.94,126.15,033,2.1,007km S 82° W of City Of Mati (Davao Oriental),007,S 82° W,City Of Mati (Davao Oriental)
2026-10-11T05:28:00.000Z,11 October 2026 - 05:28 AM,06.77,124.55,025,2.0,006km N 34° E of Esperanza (Sultan Kudarat),006,N 34° E,Esperanza (Sultan Kudarat)
2026-10-11T05:10:00.000Z,11 October 2026 - 05:10 AM,10.25,125.87,035,1.6,032km N 37° W of Santa Monica (Surigao Del Norte),032,N 37° W,Santa Monica (Surigao Del Norte)
2026-10-11T05:06:00.000Z,11 October 2026 - 05:06 AM,07.80,123.61,015,2.2,007km S 28° E of Tukuran (Zamboanga Del Sur),007,S 28° E,Tukuran (Zamboanga Del Sur)
2026-10-11T04:53:00.000Z,11 October 2026 - 04:53 AM,08.32,127.50,015,3.1,123km N 76° E of Lingig (Surigao Del Sur),123,N 76° E,Lingig (Surigao Del Sur)
2026-10-11T04:47:00.000Z,11 October 2026 - 04:47 AM,05.49,125.20,023,2.4,026km N 72° W of Balut Island (Municipality Of Sarangani) (Davao Occidental),026,N 72° W,Balut Island (Municipality Of Sarangani) (Davao Occidental)
2026-10-11T04:28:00.000Z,11 October 2026 - 04:28 AM,05.36,125.21,029,2.6,024km S 76° W of Balut Island (Municipality Of Sarangani) (Davao Occidental),024,S 76° W,Balut Island (Municipality Of Sarangani) (Davao Occidental)
2026-10-11T04:27:00.000Z,11 October 2026 - 04:27 AM,09.03,126.48,017,2.0,022km N 73° E of Bayabas (Surigao Del Sur),022,N 73° E,Bayabas (Surigao Del Sur)
2026-10-11T04:17:00.000Z,11 October 2026 - 04:17 AM,04.99,126.19,110,3.4,096km S 56° E of Sarangani Island (Municipality Of Sarangani) (Davao Occidental),096,S 56° E,Sarangani Island (Municipality Of Sarangani) (Davao Occidental)
2026-10-11T04:01:00.000Z,11 October 2026 - 04:01 AM,06.33,126.53,016,3.8,062km S 55° E of Governor Generoso (Davao Oriental),062,S 55° E,Governor Generoso (Davao Oriental)
2026-10-11T03:59:00.000Z,11 October 2026 - 03:59 AM,04.87,126.29,027,2.4,112km S 54° E of Sarangani Island (Municipality Of Sarangani) (Davao Occidental),112,S 54° E,Sarangani Island (Municipality Of Sarangani) (Davao Occidental)
2026-10-11T03:58:00.000Z,11 October 2026 - 03:58 AM,09.66,126.12,028,1.7,013km S 34° E of Dapa (Surigao Del Norte),013,S 34° E,Dapa (Surigao Del Norte)
2026-10-11T03:52:00.000Z,11 October 2026 - 03:52 AM,12.82,125.71,066,2.0,062km N 53° E of Mapanas (Northern Samar),062,N 53° E,Mapanas (Northern Samar)
2026-10-11T03:17:00.000Z,11 October 2026 - 03:17 AM,05.48,125.09,019,1.8,037km N 78° W of Balut Island (Municipality Of Sarangani) (Davao Occidental),037,N 78° W,Balut Island (Municipality Of Sarangani) (Davao Occidental)
2026-10-11T03:07:00.000Z,11 October 2026 - 03:07 AM,12.03,120.79,057,1.5,047km S 40° W of San Jose (Occidental Mindoro),047,S 40° W,San Jose (Occidental Mindoro)
2026-10-11T03:00:00.000Z,11 October 2026 - 03:00 AM,05.60,125.29,031,1.8,024km N 55° W of Sarangani Island (Municipality Of Sarangani) (Davao Occidental),024,N 55° W,Sarangani Island (Municipality Of Sarangani) (Davao Occidental)
2026-10-11T02:49:00.000Z,11 October 2026 - 02:49 AM,11.48,122.07,002,2.7,006km N 13° E of Culasi (Antique),006,N 13° E,Culasi (Antique)
2026-10-11T02:36:00.000Z,11 October 2026 - 02:36 AM,18.24,122.38,020,2.3,035km S 46° E of Santa Ana (Cagayan),035,S 46° E,Santa Ana (Cagayan)
2026-10-11T02:34:00.000Z,11 October 2026 - 02:34 AM,11.47,122.06,004,2.5,002km S 18° W of Culasi (Antique),002,S 18° W,Culasi (Antique)
2026-10-11T02:04:00.000Z,11 October 2026 - 02:04 AM,18.29,121.08,019,2.1,005km N 38° E of Calanasan (Apayao),005,N 38° E,Calanasan (Apayao)
2026-10-11T02:02:00.000Z,11 October 2026 - 02:02 AM,07.81,124.82,019,1.4,002km S 18° W of Pangantucan (Bukidnon),002,S 18° W,Pangantucan (Bukidnon)
2026-10-11T01:40:00.000Z,11 October 2026 - 01:40 AM,05.55,125.21,017,1.8,028km N 57° W of Balut Island (Municipality Of Sarangani) (Davao Occidental),028,N 57° W,Balut Island (Municipality Of Sarangani) (Davao Occidental)
2026-10-11T01:16:00.000Z,11 October 2026 - 01:16 AM,16.28,122.17,033,2.2,005km N 84° E of Casiguran (Aurora),005,N 84° E,Casiguran (Aurora)
2026-10-11T01:15:00.000Z,11 October 2026 - 01:15 AM,05.75,126.45,021,4.1,092km S 78° E of Jose Abad Santos (Davao Occidental),092,S 78° E,Jose Abad Santos (Davao Occidental)
2026-10-11T01:10:00.000Z,11 October 2026 - 01:10 AM,12.87,123.56,008,2.0,006km S 46° W of Donsol (Sorsogon),006,S 46° W,Donsol (Sorsogon)
2026-10-11T01:05:00.000Z,11 October 2026 - 01:05 AM,04.64,126.23,112,2.7,124km S 46° E of Balut Island (Municipality Of Sarangani) (Davao Occidental),124,S 46° E,Balut Island (Municipality Of Sarangani) (Davao Occidental)
2026-10-11T00:47:00.000Z,11 October 2026 - 12:47 AM,12.97,120.72,032,1.4,013km S 01° W of Santa Cruz (Occidental Mindoro),013,S 01° W,Santa Cruz (Occidental Mindoro)
2026-10-11T00:45:00.000Z,11 October 2026 - 12:45 AM,03.38,126.64,053,2.9,262km S 31° E of Balut Island (Municipality Of Sarangani) (Davao Occidental),262,S 31° E,Balut Island (Municipality Of Sarangani) (Davao Occidental)
2026-10-10T23:58:00.000Z,10 October 2026 - 11:58 PM,07.45,126.46,008,2.2,017km S 40° W of Baganga (Davao Oriental),017,S 40° W,Baganga (Davao Oriental)
2026-10-10T23:29:00.000Z,10 October 2026 - 11:29 PM,05.35,125.25,030,2.0,020km S 69° W of Balut Island (Municipality Of Sarangani) (Davao Occidental),020,S 69° W,Balut Island (Municipality Of Sarangani) (Davao Occidental)
2026-10-10T23:24:00.000Z,10 October 2026 - 11:24 PM,08.84,125.12,033,1.8,003km N 32° E of City Of Gingoog (Misamis Oriental),003,N 32° E,City Of Gingoog (Misamis Oriental)
2026-10-10T23:17:00.000Z,10 October 2026 - 11:17 PM,05.46,125.23,032,1.8,022km N 75° W of Balut Island (Municipality Of Sarangani) (Davao Occidental),022,N 75° W,Balut Island (Municipality Of Sarangani) (Davao Occidental)
2026-10-10T23:16:00.000Z,10 October 2026 - 11:16 PM,12.23,124.66,027,1.5,009km S 25° E of Lope De Vega (Northern Samar),009,S 25° E,Lope De Vega (Northern Samar)
2026-10-10T23:13:00.000Z,10 October 2026 - 11:13 PM,19.16,121.26,005,2.5,008km N 45° E of Dalupiri Island (Calayan) (Cagayan),008,N 45° E,Dalupiri Island (Calayan) (Cagayan)
2026-10-10T23:08:00.000Z,10 October 2026 - 11:08 PM,05.38,125.49,031,2.6,008km S 67° E of Balut Island (Municipality Of Sarangani) (Davao Occidental),008,S 67° E,Balut Island (Municipality Of Sarangani) (Davao Occidental)
2026-10-10T22:13:00.000Z,10 October 2026 - 10:13 PM,15.59,121.60,005,1.6,017km S 29° E of San Luis (Aurora),017,S 29° E,San Luis (Aurora)
2026-10-10T21:35:00.000Z,10 October 2026 - 09:35 PM,05.63,125.27,028,1.9,022km S 19° E of Glan (Sarangani),022,S 19° E,Glan (Sarangani)
2026-10-10T21:34:00.000Z,10 October 2026 - 09:34 PM,12.76,123.50,016,1.5,019km S 31° W of Donsol (Sorsogon),019,S 31° W,Donsol (Sorsogon)
2026-10-10T21:02:00.000Z,10 October 2026 - 09:02 PM,13.48,119.87,033,2.2,049km S 57° W of Looc (Occidental Mindoro),049,S 57° W,Looc (Occidental Mindoro)
2026-10-10T21:01:00.000Z,10 October 2026 - 09:01 PM,09.42,126.52,003,2.4,039km N 66° E of Cortes (Surigao Del Sur),039,N 66° E,Cortes (Surigao Del Sur)
2026-10-10T20:57:00.000Z,10 October 2026 - 08:57 PM,05.64,125.29,029,1.7,022km S 26° E of Glan (Sarangani),022,S 26° E,Glan (Sarangani)
2026-10-10T20:52:00.000Z,10 October 2026 - 08:52 PM,05.79,126.10,135,2.1,052km S 75° E of Jose Abad Santos (Davao Occidental),052,S 75° E,Jose Abad Santos (Davao Occidental)
2026-10-10T20:33:00.000Z,10 October 2026 - 08:33 PM,08.04,123.09,016,2.3,021km N 02° E of Lakewood (Zamboanga Del Sur),021,N 02° E,Lakewood (Zamboanga Del Sur)
2026-10-10T20:20:00.000Z,10 October 2026 - 08:20 PM,05.65,125.34,029,1.7,024km S 40° E of Glan (Sarangani),024,S 40° E,Glan (Sarangani)
2026-10-10T20:20:00.000Z,10 October 2026 - 08:20 PM,12.89,123.34,025,1.6,013km N 80° E of Claveria (Masbate),013,N 80° E,Claveria (Masbate)
2026-10-10T20:13:00.000Z,10 October 2026 - 08:13 PM,07.78,126.84,094,1.7,038km N 53° E of Baganga (Davao Oriental),038,N 53° E,Baganga (Davao Oriental)
2026-10-10T20:08:00.000Z,10 October 2026 - 08:08 PM,07.09,123.73,024,1.8,032km N 85° W of Datu Blah T. Sinsuat (Maguindanao Del Norte),032,N 85° W,Datu Blah T. Sinsuat (Maguindanao Del Norte)
2026-10-10T20:01:00.000Z,10 October 2026 - 08:01 PM,10.56,122.32,028,1.9,011km S 02° W of Guimbal (Iloilo),011,S 02° W,Guimbal (Iloilo)
2026-10-10T19:53:00.000Z,10 October 2026 - 07:53 PM,06.76,126.07,023,2.1,008km S 07° W of San Isidro (Davao Oriental),008,S 07° W,San Isidro (Davao Oriental)
2026-10-10T19:26:00.000Z,10 October 2026 - 07:26 PM,05.65,125.23,033,2.0,020km S 09° E of Glan (Sarangani),020,S 09° E,Glan (Sarangani)
2026-10-10T19:14:00.000Z,10 October 2026 - 07:14 PM,07.88,126.69,013,1.8,027km N 68° E of Cateel (Davao Oriental),027,N 68° E,Cateel (Davao Oriental)
2026-10-10T19:02:00.000Z,10 October 2026 - 07:02 PM,04.72,125.14,012,3.2,083km S 22° W of Balut Island (Municipality Of Sarangani) (Davao Occidental),083,S 22° W,Balut Island (Municipality Of Sarangani) (Davao Occidental)
2026-10-10T18:37:00.000Z,10 October 2026 - 06:37 PM,14.32,120.07,044,2.9,044km S 28° W of Morong (Bataan),044,S 28° W,Morong (Bataan)
2026-10-10T18:34:00.000Z,10 October 2026 - 06:34 PM,04.72,125.05,011,3.1,086km S 28° W of Balut Island (Municipality Of Sarangani) (Davao Occidental),086,S 28° W,Balut Island (Municipality Of Sarangani) (Davao Occidental)
2026-10-10T18:25:00.000Z,10 October 2026 - 06:25 PM,19.50,122.00,012,2.5,009km S 80° E of Babuyan Island (Calayan) (Cagayan),009,S 80° E,Babuyan Island (Calayan) (Cagayan)
2026-10-10T18:15:00.000Z,10 October 2026 - 06:15 PM,13.22,123.96,002,2.8,014km N 44° E of Manito (Albay),014,N 44° E,Manito (Albay)
2026-10-10T17:50:00.000Z,10 October 2026 - 05:50 PM,17.35,120.17,025,2.0,030km N 86° W of San Esteban (Ilocos Sur),030,N 86° W,San Esteban (Ilocos Sur)
2026-10-10T17:37:00.000Z,10 October 2026 - 05:37 PM,15.00,121.40,023,2.2,035km N 41° W of General Nakar (Quezon),035,N 41° W,General Nakar (Quezon)
2026-10-10T16:02:00.000Z,10 October 2026 - 04:02 PM,09.76,122.90,021,1.7,004km N 52° W of Mabinay (Negros Oriental),004,N 52° W,Mabinay (Negros Oriental)
2026-10-10T15:21:00.000Z,10 October 2026 - 03:21 PM,05.58,125.39,033,1.8,015km N 38° W of Sarangani Island (Municipality Of Sarangani) (Davao Occidental),015,N 38° W,Sarangani Island (Municipality Of Sarangani) (Davao Occidental)
2026-10-10T14:52:00.000Z,10 October 2026 - 02:52 PM,05.33,125.43,020,2.6,010km S 05° E of Balut Island (Municipality Of Sarangani) (Davao Occidental),010,S 05° E,Balut Island (Municipality Of Sarangani) (Davao Occidental)
2026-10-10T14:50:00.000Z,10 October 2026 - 02:50 PM,12.64,125.04,014,2.2,009km N 19° E of Laoang (Northern Samar),009,N 19° E,Laoang (Northern Samar)
2026-10-10T14:42:00.000Z,10 October 2026 - 02:42 PM,15.45,119.92,023,2.4,002km N 14° E of Palauig (Zambales),002,N 14° E,Palauig (Zambales)
2026-10-10T14:36:00.000Z,10 October 2026 - 02:36 PM,06.58,125.25,034,1.9,004km S 15° W of Kiblawan (Davao Del Sur),004,S 15° W,Kiblawan (Davao Del Sur)
2026-10-10T14:09:00.000Z,10 October 2026 - 02:09 PM,12.28,120.68,008,1.6,037km S 57° W of Rizal (Occidental Mindoro),037,S 57° W,Rizal (Occidental Mindoro)
2026-10-10T14:06:00.000Z,10 October 2026 - 02:06 PM,11.32,125.60,022,1.9,003km S 37° W of Hernani (Eastern Samar),003,S 37° W,Hernani (Eastern Samar)
2026-10-10T14:02:00.000Z,10 October 2026 - 02:02 PM,05.65,125.41,033,1.6,020km N 19° W of Sarangani Island (Municipality Of Sarangani) (Davao Occidental),020,N 19° W,Sarangani Island (Municipality Of Sarangani) (Davao Occidental)
2026-10-10T10:44:00.000Z,10 October 2026 - 10:44 AM,05.92,124.96,016,2.0,008km N 33° W of Maasim (Sarangani),008,N 33° W,Maasim (Sarangani)
2026-10-10T10:25:00.000Z,10 October 2026 - 10:25 AM,05.38,125.40,012,2.3,005km S 32° W of Balut Island (Municipality Of Sarangani) (Davao Occidental),005,S 32° W,Balut Island (Municipality Of Sarangani) (Davao Occidental)
2026-10-10T09:17:00.000Z,10 October 2026 - 09:17 AM,15.41,120.13,033,1.6,018km N 40° E of Botolan (Zambales),018,N 40° E,Botolan (Zambales)
2026-10-10T09:07:00.000Z,10 October 2026 - 09:07 AM,12.52,125.44,012,3.3,021km N 75° E of Mapanas (Northern Samar),021,N 75° E,Mapanas (Northern Samar)
2026-10-10T08:54:00.000Z,10 October 2026 - 08:54 AM,05.63,125.27,033,2.1,022km S 19° E of Glan (Sarangani),022,S 19° E,Glan (Sarangani)
2026-10-10T08:20:00.000Z,10 October 2026 - 08:20 AM,08.52,126.63,022,3.0,036km N 62° E of Hinatuan (Surigao Del Sur),036,N 62° E,Hinatuan (Surigao Del Sur)
2026-10-10T08:08:00.000Z,10 October 2026 - 08:08 AM,07.00,126.41,023,2.4,007km S 38° W of Tarragona (Davao Oriental),007,S 38° W,Tarragona (Davao Oriental)
2026-10-10T07:55:00.000Z,10 October 2026 - 07:55 AM,02.11,126.95,095,3.9,402km S 25° E of Balut Island (Municipality Of Sarangani) (Davao Occidental),402,S 25° E,Balut Island (Municipality Of Sarangani) (Davao Occidental)
2026-10-10T07:47:00.000Z,10 October 2026 - 07:47 AM,20.16,120.77,024,2.2,117km S 80° W of Sabtang (Batanes),117,S 80° W,Sabtang (Batanes)
2026-10-10T07:05:00.000Z,10 October 2026 - 07:05 AM,05.06,125.14,045,2.4,050km S 39° W of Balut Island (Municipality Of Sarangani) (Davao Occidental),050,S 39° W,Balut Island (Municipality Of Sarangani) (Davao Occidental)
2026-10-10T06:13:00.000Z,10 October 2026 - 06:13 AM,11.20,124.11,022,1.6,023km N 40° E of City Of Bogo (Cebu),023,N 40° E,City Of Bogo (Cebu)
2026-10-10T06:06:00.000Z,10 October 2026 - 06:06 AM,11.06,123.19,013,3.3,013km N 31° E of Manapla (Negros Occidental),013,N 31° E,Manapla (Negros Occidental)
2026-10-10T05:40:00.000Z,10 October 2026 - 05:40 AM,05.60,125.41,033,1.4,016km N 28° W of Sarangani Island (Municipality Of Sarangani) (Davao Occidental),016,N 28° W,Sarangani Island (Municipality Of Sarangani) (Davao Occidental)
2026-10-10T04:52:00.000Z,10 October 2026 - 04:52 AM,12.91,122.96,002,1.4,031km N 88° W of Claveria (Masbate),031,N 88° W,Claveria (Masbate)
2026-10-10T04:06:00.000Z,10 October 2026 - 04:06 AM,12.11,125.07,041,2.3,008km N 41° E of San Jose De Buan (Samar),008,N 41° E,San Jose De Buan (Samar)
2026-10-10T04:04:00.000Z,10 October 2026 - 04:04 AM,05.63,125.32,032,1.5,024km S 31° E of Glan (Sarangani),024,S 31° E,Glan (Sarangani)
2026-10-10T03:59:00.000Z,10 October 2026 - 03:59 AM,05.74,125.19,009,1.6,009km S 07° W of Glan (Sarangani),009,S 07° W,Glan (Sarangani)
2026-10-10T02:28:00.000Z,10 October 2026 - 02:28 AM,10.24,125.68,056,2.7,016km S 55° E of Tubajon (Dinagat Islands),016,S 55° E,Tubajon (Dinagat Islands)
2026-10-10T01:44:00.000Z,10 October 2026 - 01:44 AM,13.66,120.63,142,2.4,019km S 02° W of Calatagan (Batangas),019,S 02° W,Calatagan (Batangas)
2026-10-10T01:18:00.000Z,10 October 2026 - 01:18 AM,14.79,119.57,020,1.9,059km S 72° W of San Antonio (Zambales),059,S 72° W,San Antonio (Zambales)
2026-10-10T01:08:00.000Z,10 October 2026 - 01:08 AM,08.93,123.97,012,2.4,043km S 59° E of Lazi (Siquijor),043,S 59° E,Lazi (Siquijor)
2026-10-10T00:13:00.000Z,10 October 2026 - 12:13 AM,11.77,125.20,045,1.7,016km N 63° E of Hinabangan (Samar),016,N 63° E,Hinabangan (Samar)
2026-10-09T23:56:00.000Z,09 October 2026 - 11:56 PM,12.40,123.57,025,1.2,007km N 61° W of City Of Masbate (Masbate),007,N 61° W,City Of Masbate (Masbate)
2026-10-09T23:55:00.000Z,09 October 2026 - 11:55 PM,19.27,121.17,033,1.5,019km N 12° W of Dalupiri Island (Calayan) (Cagayan),019,N 12° W,Dalupiri Island (Calayan) (Cagayan)
2026-10-09T23:08:00.000Z,09 October 2026 - 11:08 PM,07.71,126.68,029,4.0,021km N 41° E of Baganga (Davao Oriental),021,N 41° E,Baganga (Davao Oriental)
2026-10-09T22:18:00.000Z,09 October 2026 - 10:18 PM,18.40,120.58,046,1.9,008km N 30° W of Pasuquin (Ilocos Norte),008,N 30° W,Pasuquin (Ilocos Norte)
2026-10-09T22:16:00.000Z,09 October 2026 - 10:16 PM,05.64,125.29,030,1.4,023km S 26° E of Glan (Sarangani),023,S 26° E,Glan (Sarangani)
2026-10-09T22:12:00.000Z,09 October 2026 - 10:12 PM,03.86,126.29,019,3.3,197km S 29° E of Balut Island (Municipality Of Sarangani) (Davao Occidental),197,S 29° E,Balut Island (Municipality Of Sarangani) (Davao Occidental)
2026-10-09T22:07:00.000Z,09 October 2026 - 10:07 PM,05.62,125.31,030,2.4,024km N 48° W of Sarangani Island (Municipality Of Sarangani) (Davao Occidental),024,N 48° W,Sarangani Island (Municipality Of Sarangani) (Davao Occidental)
2026-10-09T22:03:00.000Z,09 October 2026 - 10:03 PM,05.66,125.12,028,1.6,020km S 26° W of Glan (Sarangani),020,S 26° W,Glan (Sarangani)
2026-10-09T21:09:00.000Z,09 October 2026 - 09:09 PM,09.64,126.16,034,2.0,015km S 01° E of General Luna (Surigao Del Norte),015,S 01° E,General Luna (Surigao Del Norte)
2026-10-09T20:58:00.000Z,09 October 2026 - 08:58 PM,19.42,121.19,011,3.1,035km N 02° W of Dalupiri Island (Calayan) (Cagayan),035,N 02° W,Dalupiri Island (Calayan) (Cagayan)
2026-10-09T20:46:00.000Z,09 October 2026 - 08:46 PM,08.51,126.86,003,3.4,060km N 74° E of Hinatuan (Surigao Del Sur),060,N 74° E,Hinatuan (Surigao Del Sur)
2026-10-09T20:45:00.000Z,09 October 2026 - 08:45 PM,09.40,125.63,019,2.0,008km S 50° E of Kitcharao (Agusan Del Norte),008,S 50° E,Kitcharao (Agusan Del Norte)
2026-10-09T20:26:00.000Z,09 October 2026 - 08:26 PM,18.46,120.89,018,2.1,001km S 72° W of Adams (Ilocos Norte),001,S 72° W,Adams (Ilocos Norte)
2026-10-09T20:04:00.000Z,09 October 2026 - 08:04 PM,05.64,125.31,030,1.6,023km S 31° E of Glan (Sarangani),023,S 31° E,Glan (Sarangani)
2026-10-09T19:24:00.000Z,09 October 2026 - 07:24 PM,12.94,123.10,009,2.0,017km N 76° W of Claveria (Masbate),017,N 76° W,Claveria (Masbate)
2026-10-09T18:59:00.000Z,09 October 2026 - 06:59 PM,05.64,125.24,015,2.2,021km S 12° E of Glan (Sarangani),021,S 12° E,Glan (Sarangani)
2026-10-09T18:21:00.000Z,09 October 2026 - 06:21 PM,04.99,124.51,027,1.7,117km S 63° W of Balut Island (Municipality Of Sarangani) (Davao Occidental),117,S 63° W,Balut Island (Municipality Of Sarangani) (Davao Occidental)
2026-10-09T18:10:00.000Z,09 October 2026 - 06:10 PM,18.05,119.56,020,2.8,098km N 82° W of Badoc (Ilocos Norte),098,N 82° W,Badoc (Ilocos Norte)
2026-10-09T17:57:00.000Z,09 October 2026 - 05:57 PM,18.28,121.28,019,1.5,010km S 54° W of Luna (Apayao),010,S 54° W,Luna (Apayao)
2026-10-09T17:39:00.000Z,09 October 2026 - 05:39 PM,13.49,120.74,090,1.9,006km N 18° E of Abra De Ilog (Occidental Mindoro),006,N 18° E,Abra De Ilog (Occidental Mindoro)
2026-10-09T03:06:00.000Z,09 October 2026 - 03:06 AM,04.97,125.33,002,3.4,050km S 12° W of Balut Island (Municipality Of Sarangani) (Davao Occidental),050,S 12° W,Balut Island (Municipality Of Sarangani) (Davao Occidental)
2026-10-09T17:17:00.000Z,09 October 2026 - 05:17 PM,13.69,120.51,095,4.1,020km S 40° W of Calatagan (Batangas),020,S 40° W,Calatagan (Batangas)
2026-10-09T16:41:00.000Z,09 October 2026 - 04:41 PM,09.59,123.70,028,3.1,006km N 76° W of Panglao (Bohol),006,N 76° W,Panglao (Bohol)
2026-10-09T16:34:00.000Z,09 October 2026 - 04:34 PM,17.19,120.44,073,3.1,003km N 05° W of City Of Candon (Ilocos Sur),003,N 05° W,City Of Candon (Ilocos Sur)
2026-10-09T15:45:00.000Z,09 October 2026 - 03:45 PM,14.04,120.35,113,2.8,031km S 83° W of Nasugbu (Batangas),031,S 83° W,Nasugbu (Batangas)
2026-10-09T15:31:00.000Z,09 October 2026 - 03:31 PM,09.61,123.63,010,4.2,014km N 75° W of Panglao (Bohol),014,N 75° W,Panglao (Bohol)
2026-10-09T15:21:00.000Z,09 October 2026 - 03:21 PM,19.22,121.99,018,1.8,033km S 14° E of Babuyan Island (Calayan) (Cagayan),033,S 14° E,Babuyan Island (Calayan) (Cagayan)
2026-10-09T14:48:00.000Z,09 October 2026 - 02:48 PM,10.20,122.57,040,2.2,026km N 14° W of Cauayan (Negros Occidental),026,N 14° W,Cauayan (Negros Occidental)
2026-10-09T13:37:00.000Z,09 October 2026 - 01:37 PM,04.76,125.28,024,3.4,073km S 12° W of Balut Island (Municipality Of Sarangani) (Davao Occidental),073,S 12° W,Balut Island (Municipality Of Sarangani) (Davao Occidental)
2026-10-09T13:29:00.000Z,09 October 2026 - 01:29 PM,12.81,124.27,012,2.0,014km S 67° E of Barcelona (Sorsogon),014,S 67° E,Barcelona (Sorsogon)
2026-10-09T12:50:00.000Z,09 October 2026 - 12:50 PM,06.23,124.60,018,1.9,013km N 90° W of Lake Sebu (South Cotabato),013,N 90° W,Lake Sebu (South Cotabato)
2026-10-09T12:26:00.000Z,09 October 2026 - 12:26 PM,17.17,122.31,012,1.7,017km N 48° W of Palanan (Isabela),017,N 48° W,Palanan (Isabela)
2026-10-09T10:25:00.000Z,09 October 2026 - 10:25 AM,12.42,123.60,034,1.8,006km N 24° W of City Of Masbate (Masbate),006,N 24° W,City Of Masbate (Masbate)
2026-10-09T10:00:00.000Z,09 October 2026 - 10:00 AM,12.55,123.60,009,2.7,012km S 32° W of Monreal (Masbate),012,S 32° W,Monreal (Masbate)
2026-10-09T09:58:00.000Z,09 October 2026 - 09:58 AM,20.40,122.04,032,2.4,009km S 55° E of Basco (Batanes),009,S 55° E,Basco (Batanes)
2026-10-09T07:19:00.000Z,09 October 2026 - 07:19 AM,05.65,125.30,029,2.0,022km S 29° E of Glan (Sarangani),022,S 29° E,Glan (Sarangani)
2026-10-09T06:33:00.000Z,09 October 2026 - 06:33 AM,05.61,125.30,025,1.7,024km N 52° W of Sarangani Island (Municipality Of Sarangani) (Davao Occidental),024,N 52° W,Sarangani Island (Municipality Of Sarangani) (Davao Occidental)
2026-10-09T06:09:00.000Z,09 October 2026 - 06:09 AM,05.43,125.28,024,1.8,016km N 84° W of Balut Island (Municipality Of Sarangani) (Davao Occidental),016,N 84° W,Balut Island (Municipality Of Sarangani) (Davao Occidental)
2026-10-09T05:56:00.000Z,09 October 2026 - 05:56 AM,08.63,122.65,033,1.8,046km N 63° W of Jose Dalman (Zamboanga Del Norte),046,N 63° W,Jose Dalman (Zamboanga Del Norte)
2026-10-09T05:29:00.000Z,09 October 2026 - 05:29 AM,09.73,126.29,013,2.1,016km S 66° E of General Luna (Surigao Del Norte),016,S 66° E,General Luna (Surigao Del Norte)
2026-10-09T05:18:00.000Z,09 October 2026 - 05:18 AM,05.63,125.28,028,2.3,022km S 23° E of Glan (Sarangani),022,S 23° E,Glan (Sarangani)
2026-10-09T04:48:00.000Z,09 October 2026 - 04:48 AM,09.68,126.05,023,1.6,008km S 05° W of Dapa (Surigao Del Norte),008,S 05° W,Dapa (Surigao Del Norte)
2026-10-09T04:40:00.000Z,09 October 2026 - 04:40 AM,12.75,123.24,025,1.8,017km S 02° W of Claveria (Masbate),017,S 02° W,Claveria (Masbate)
2026-10-09T04:27:00.000Z,09 October 2026 - 04:27 AM,08.26,123.34,015,2.1,011km N 04° W of Dumingag (Zamboanga Del Sur),011,N 04° W,Dumingag (Zamboanga Del Sur)
2026-10-09T04:25:00.000Z,09 October 2026 - 04:25 AM,15.70,119.97,023,1.6,009km N 30° E of Candelaria (Zambales),009,N 30° E,Candelaria (Zambales)
2026-10-09T04:21:00.000Z,09 October 2026 - 04:21 AM,05.67,125.36,026,1.8,024km S 47° E of Glan (Sarangani),024,S 47° E,Glan (Sarangani)
2026-10-09T03:56:00.000Z,09 October 2026 - 03:56 AM,07.22,123.49,019,1.6,028km S 17° E of Tabina (Zamboanga Del Sur),028,S 17° E,Tabina (Zamboanga Del Sur)
2026-10-09T03:44:00.000Z,09 October 2026 - 03:44 AM,05.74,125.28,012,4.0,013km S 44° E of Glan (Sarangani),013,S 44° E,Glan (Sarangani)
2026-10-09T03:36:00.000Z,09 October 2026 - 03:36 AM,18.62,120.89,026,2.2,012km N 58° W of Santa Praxedes (Cagayan),012,N 58° W,Santa Praxedes (Cagayan)
2026-10-09T03:24:00.000Z,09 October 2026 - 03:24 AM,05.36,125.26,032,2.0,019km S 73° W of Balut Island (Municipality Of Sarangani) (Davao Occidental),019,S 73° W,Balut Island (Municipality Of Sarangani) (Davao Occidental)
2026-10-09T03:19:00.000Z,09 October 2026 - 03:19 AM,05.69,125.20,014,2.2,014km S 03° W of Glan (Sarangani),014,S 03° W,Glan (Sarangani)
2026-10-09T03:13:00.000Z,09 October 2026 - 03:13 AM,05.27,125.34,012,2.3,018km S 30° W of Balut Island (Municipality Of Sarangani) (Davao Occidental),018,S 30° W,Balut Island (Municipality Of Sarangani) (Davao Occidental)
2026-10-09T03:11:00.000Z,09 October 2026 - 03:11 AM,14.69,120.07,046,2.8,022km N 86° W of Morong (Bataan),022,N 86° W,Morong (Bataan)
2026-10-09T03:07:00.000Z,09 October 2026 - 03:07 AM,05.17,125.23,003,3.2,034km S 39° W of Balut Island (Municipality Of Sarangani) (Davao Occidental),034,S 39° W,Balut Island (Municipality Of Sarangani) (Davao Occidental)
2026-10-09T02:11:00.000Z,09 October 2026 - 02:11 AM,05.47,125.30,030,1.8,015km N 64° W of Balut Island (Municipality Of Sarangani) (Davao Occidental),015,N 64° W,Balut Island (Municipality Of Sarangani) (Davao Occidental)
2026-10-09T01:50:00.000Z,09 October 2026 - 01:50 AM,05.69,125.39,029,1.9,025km N 20° W of Sarangani Island (Municipality Of Sarangani) (Davao Occidental),025,N 20° W,Sarangani Island (Municipality Of Sarangani) (Davao Occidental)
2026-10-09T01:34:00.000Z,09 October 2026 - 01:34 AM,05.48,125.41,031,1.9,007km N 83° W of Sarangani Island (Municipality Of Sarangani) (Davao Occidental),007,N 83° W,Sarangani Island (Municipality Of Sarangani) (Davao Occidental)
2026-10-09T01:27:00.000Z,09 October 2026 - 01:27 AM,05.43,125.43,028,2.0,002km N 27° E of Balut Island (Municipality Of Sarangani) (Davao Occidental),002,N 27° E,Balut Island (Municipality Of Sarangani) (Davao Occidental)
2026-10-09T00:53:00.000Z,09 October 2026 - 12:53 AM,09.55,122.40,033,1.9,009km S 52° W of Hinoba-an (Negros Occidental),009,S 52° W,Hinoba-an (Negros Occidental)
2026-10-09T00:49:00.000Z,09 October 2026 - 12:49 AM,09.35,126.20,034,1.5,008km N 07° E of Cortes (Surigao Del Sur),008,N 07° E,Cortes (Surigao Del Sur)
2026-10-09T00:29:00.000Z,09 October 2026 - 12:29 AM,09.62,126.11,033,1.5,016km S 22° E of Dapa (Surigao Del Norte),016,S 22° E,Dapa (Surigao Del Norte)
2026-10-09T00:26:00.000Z,09 October 2026 - 12:26 AM,05.65,125.29,030,2.1,021km S 26° E of Glan (Sarangani),021,S 26° E,Glan (Sarangani)
2026-10-09T00:18:00.000Z,09 October 2026 - 12:18 AM,05.44,125.43,025,2.3,003km N 25° E of Balut Island (Municipality Of Sarangani) (Davao Occidental),003,N 25° E,Balut Island (Municipality Of Sarangani) (Davao Occidental)
2026-10-09T00:04:00.000Z,09 October 2026 - 12:04 AM,14.59,120.25,022,1.5,010km S 09° W of Morong (Bataan),010,S 09° W,Morong (Bataan)
2026-10-08T23:47:00.000Z,08 October 2026 - 11:47 PM,08.73,126.44,033,1.9,017km S 63° E of Marihatag (Surigao Del Sur),017,S 63° E,Marihatag (Surigao Del Sur)
2026-10-08T23:46:00.000Z,08 October 2026 - 11:46 PM,06.67,125.63,028,2.2,022km N 51° E of Santa Maria (Davao Occidental),022,N 51° E,Santa Maria (Davao Occidental)
2026-10-08T23:40:00.000Z,08 October 2026 - 11:40 PM,03.52,126.43,120,3.5,237km S 28° E of Balut Island (Municipality Of Sarangani) (Davao Occidental),237,S 28° E,Balut Island (Municipality Of Sarangani) (Davao Occidental)
2026-10-08T23:26:00.000Z,08 October 2026 - 11:26 PM,05.35,125.86,003,2.1,045km S 72° E of Sarangani Island (Municipality Of Sarangani) (Davao Occidental),045,S 72° E,Sarangani Island (Municipality Of Sarangani) (Davao Occidental)
2026-10-08T23:19:00.000Z,08 October 2026 - 11:19 PM,05.88,125.32,023,1.9,011km S 18° E of Malapatan (Sarangani),011,S 18° E,Malapatan (Sarangani)
2026-10-08T23:02:00.000Z,08 October 2026 - 11:02 PM,05.80,124.45,016,1.8,028km S 42° W of Kiamba (Sarangani),028,S 42° W,Kiamba (Sarangani)
2026-10-08T22:59:00.000Z,08 October 2026 - 10:59 PM,08.02,122.78,032,1.7,007km N 77° W of Godod (Zamboanga Del Norte),007,N 77° W,Godod (Zamboanga Del Norte)
2026-10-08T22:45:00.000Z,08 October 2026 - 10:45 PM,14.80,119.91,032,1.7,025km S 49° W of San Antonio (Zambales),025,S 49° W,San Antonio (Zambales)
2026-10-08T22:39:00.000Z,08 October 2026 - 10:39 PM,18.40,120.57,033,1.9,009km N 37° W of Pasuquin (Ilocos Norte),009,N 37° W,Pasuquin (Ilocos Norte)
2026-10-08T22:30:00.000Z,08 October 2026 - 10:30 PM,13.82,120.38,067,2.5,018km N 51° E of Looc (Occidental Mindoro),018,N 51° E,Looc (Occidental Mindoro)
2026-10-08T22:14:00.000Z,08 October 2026 - 10:14 PM,09.02,126.38,022,1.7,012km N 62° E of Bayabas (Surigao Del Sur),012,N 62° E,Bayabas (Surigao Del Sur)
2026-10-08T22:09:00.000Z,08 October 2026 - 10:09 PM,17.78,120.62,009,2.3,011km N 25° W of Danglas (Abra),011,N 25° W,Danglas (Abra)
2026-10-08T21:43:00.000Z,08 October 2026 - 09:43 PM,05.65,125.28,027,2.2,021km S 24° E of Glan (Sarangani),021,S 24° E,Glan (Sarangani)
2026-10-08T21:40:00.000Z,08 October 2026 - 09:40 PM,05.56,124.88,031,1.9,036km S 21° W of Maasim (Sarangani),036,S 21° W,Maasim (Sarangani)
2026-10-08T20:34:00.000Z,08 October 2026 - 08:34 PM,06.34,125.80,143,3.8,020km N 38° E of Don Marcelino (Davao Occidental),020,N 38° E,Don Marcelino (Davao Occidental)
2026-10-08T20:02:00.000Z,08 October 2026 - 08:02 PM,08.78,126.63,018,2.4,037km S 87° E of Marihatag (Surigao Del Sur),037,S 87° E,Marihatag (Surigao Del Sur)
2026-10-08T19:40:00.000Z,08 October 2026 - 07:40 PM,05.65,125.30,029,1.7,022km S 28° E of Glan (Sarangani),022,S 28° E,Glan (Sarangani)
2026-10-08T19:17:00.000Z,08 October 2026 - 07:17 PM,05.65,125.31,030,1.7,022km S 30° E of Glan (Sarangani),022,S 30° E,Glan (Sarangani)
2026-10-08T18:55:00.000Z,08 October 2026 - 06:55 PM,05.63,125.28,026,2.6,023km S 22° E of Glan (Sarangani),023,S 22° E,Glan (Sarangani)
2026-10-08T18:49:00.000Z,08 October 2026 - 06:49 PM,05.62,125.23,027,3.2,023km S 06° E of Glan (Sarangani),023,S 06° E,Glan (Sarangani)
2026-10-08T18:20:00.000Z,08 October 2026 - 06:20 PM,05.62,125.29,031,1.5,024km S 24° E of Glan (Sarangani),024,S 24° E,Glan (Sarangani)
2026-10-08T18:06:00.000Z,08 October 2026 - 06:06 PM,05.67,125.35,028,1.6,023km S 43° E of Glan (Sarangani),023,S 43° E,Glan (Sarangani)
2026-10-08T18:00:00.000Z,08 October 2026 - 06:00 PM,05.65,125.29,029,1.9,021km S 28° E of Glan (Sarangani),021,S 28° E,Glan (Sarangani)
2026-10-08T17:51:00.000Z,08 October 2026 - 05:51 PM,09.40,126.15,044,3.4,015km N 21° W of Cortes (Surigao Del Sur),015,N 21° W,Cortes (Surigao Del Sur)
2026-10-08T17:48:00.000Z,08 October 2026 - 05:48 PM,05.70,125.32,020,2.5,019km S 43° E of Glan (Sarangani),019,S 43° E,Glan (Sarangani)
2026-10-08T17:48:00.000Z,08 October 2026 - 05:48 PM,05.62,125.21,034,1.6,023km S 02° E of Glan (Sarangani),023,S 02° E,Glan (Sarangani)
2026-10-08T17:34:00.000Z,08 October 2026 - 05:34 PM,05.69,125.34,022,2.1,021km S 47° E of Glan (Sarangani),021,S 47° E,Glan (Sarangani)
2026-10-08T17:28:00.000Z,08 October 2026 - 05:28 PM,05.62,125.29,031,1.9,025km N 51° W of Sarangani Island (Municipality Of Sarangani) (Davao Occidental),025,N 51° W,Sarangani Island (Municipality Of Sarangani) (Davao Occidental)
2026-10-08T17:17:00.000Z,08 October 2026 - 05:17 PM,05.65,125.30,030,2.2,022km S 29° E of Glan (Sarangani),022,S 29° E,Glan (Sarangani)
2026-10-08T17:03:00.000Z,08 October 2026 - 05:03 PM,09.81,125.90,105,2.0,010km S 53° W of Del Carmen (Surigao Del Norte),010,S 53° W,Del Carmen (Surigao Del Norte)
2026-10-08T16:40:00.000Z,08 October 2026 - 04:40 PM,05.65,125.28,026,1.5,021km S 24° E of Glan (Sarangani),021,S 24° E,Glan (Sarangani)
2026-10-08T16:35:00.000Z,08 October 2026 - 04:35 PM,05.63,125.09,015,4.5,025km S 32° W of Glan (Sarangani),025,S 32° W,Glan (Sarangani)
2026-10-08T16:23:00.000Z,08 October 2026 - 04:23 PM,05.69,125.26,016,2.5,016km S 24° E of Glan (Sarangani),016,S 24° E,Glan (Sarangani)
2026-10-08T16:18:00.000Z,08 October 2026 - 04:18 PM,05.69,125.31,022,2.8,018km S 39° E of Glan (Sarangani),018,S 39° E,Glan (Sarangani)
2026-10-08T16:13:00.000Z,08 October 2026 - 04:13 PM,05.63,125.25,032,2.2,021km S 15° E of Glan (Sarangani),021,S 15° E,Glan (Sarangani)
2026-10-08T16:07:00.000Z,08 October 2026 - 04:07 PM,05.61,125.26,026,5.6,028km N 39° W of Balut Island (Municipality Of Sarangani) (Davao Occidental),028,N 39° W,Balut Island (Municipality Of Sarangani) (Davao Occidental)
2026-10-08T15:47:00.000Z,08 October 2026 - 03:47 PM,10.28,124.65,024,1.3,015km S 46° W of Hilongos (Leyte),015,S 46° W,Hilongos (Leyte)
2026-10-08T15:24:00.000Z,08 October 2026 - 03:24 PM,05.73,126.30,074,2.2,075km S 74° E of Jose Abad Santos (Davao Occidental),075,S 74° E,Jose Abad Santos (Davao Occidental)
2026-10-08T14:49:00.000Z,08 October 2026 - 02:49 PM,02.38,125.80,021,3.4,338km S 07° E of Balut Island (Municipality Of Sarangani) (Davao Occidental),338,S 07° E,Balut Island (Municipality Of Sarangani) (Davao Occidental)
2026-10-08T14:06:00.000Z,08 October 2026 - 02:06 PM,13.54,120.67,088,1.5,012km N 29° W of Abra De Ilog (Occidental Mindoro),012,N 29° W,Abra De Ilog (Occidental Mindoro)
2026-10-08T12:58:00.000Z,08 October 2026 - 12:58 PM,20.91,121.89,139,2.8,014km N 22° E of Itbayat (Batanes),014,N 22° E,Itbayat (Batanes)
2026-10-08T12:45:00.000Z,08 October 2026 - 12:45 PM,18.84,120.93,018,2.4,030km N 33° W of Claveria (Cagayan),030,N 33° W,Claveria (Cagayan)
2026-10-08T12:34:00.000Z,08 October 2026 - 12:34 PM,15.48,121.71,010,2.4,034km S 37° E of San Luis (Aurora),034,S 37° E,San Luis (Aurora)
2026-10-08T12:20:00.000Z,08 October 2026 - 12:20 PM,05.22,125.29,006,1.8,026km S 34° W of Balut Island (Municipality Of Sarangani) (Davao Occidental),026,S 34° W,Balut Island (Municipality Of Sarangani) (Davao Occidental)
2026-10-08T12:11:00.000Z,08 October 2026 - 12:11 PM,13.71,120.56,092,1.6,016km S 30° W of Calatagan (Batangas),016,S 30° W,Calatagan (Batangas)
2026-10-08T12:01:00.000Z,08 October 2026 - 12:01 PM,05.64,125.29,032,1.5,022km S 27° E of Glan (Sarangani),022,S 27° E,Glan (Sarangani)
2026-10-08T11:14:00.000Z,08 October 2026 - 11:14 AM,09.77,126.14,025,1.4,002km S 63° W of General Luna (Surigao Del Norte),002,S 63° W,General Luna (Surigao Del Norte)
2026-10-08T11:09:00.000Z,08 October 2026 - 11:09 AM,15.81,120.45,033,1.5,001km N 84° W of Bayambang (Pangasinan),001,N 84° W,Bayambang (Pangasinan)
2026-10-08T10:48:00.000Z,08 October 2026 - 10:48 AM,05.15,127.14,130,2.1,186km S 63° E of Jose Abad Santos (Davao Occidental),186,S 63° E,Jose Abad Santos (Davao Occidental)
2026-10-08T10:38:00.000Z,08 October 2026 - 10:38 AM,08.77,126.07,016,1.7,016km N 08° W of Lianga (Surigao Del Sur),016,N 08° W,Lianga (Surigao Del Sur)
2026-10-08T10:21:00.000Z,08 October 2026 - 10:21 AM,09.89,126.46,009,2.6,035km N 71° E of General Luna (Surigao Del Norte),035,N 71° E,General Luna (Surigao Del Norte)
2026-10-08T10:11:00.000Z,08 October 2026 - 10:11 AM,09.10,126.33,033,1.4,013km N 49° E of Tago (Surigao Del Sur),013,N 49° E,Tago (Surigao Del Sur)
2026-10-08T09:40:00.000Z,08 October 2026 - 09:40 AM,19.27,121.25,029,1.5,018km N 15° E of Dalupiri Island (Calayan) (Cagayan),018,N 15° E,Dalupiri Island (Calayan) (Cagayan)
2026-10-08T08:31:00.000Z,08 October 2026 - 08:31 AM,10.16,122.18,011,2.6,040km S 43° E of Anini-y (Antique),040,S 43° E,Anini-y (Antique)
2026-10-08T07:34:00.000Z,08 October 2026 - 07:34 AM,05.22,125.38,030,2.4,022km S 11° W of Balut Island (Municipality Of Sarangani) (Davao Occidental),022,S 11° W,Balut Island (Municipality Of Sarangani) (Davao Occidental)
2026-10-08T05:22:00.000Z,08 October 2026 - 05:22 AM,11.42,125.43,022,2.0,010km S 56° W of Balangkayan (Eastern Samar),010,S 56° W,Balangkayan (Eastern Samar)
2026-10-08T05:17:00.000Z,08 October 2026 - 05:17 AM,13.28,121.63,033,1.9,024km S 77° W of Gasan (Marinduque),024,S 77° W,Gasan (Marinduque)
2026-10-08T04:55:00.000Z,08 October 2026 - 04:55 AM,11.07,124.08,021,1.9,011km N 74° E of City Of Bogo (Cebu),011,N 74° E,City Of Bogo (Cebu)
2026-10-08T04:39:00.000Z,08 October 2026 - 04:39 AM,06.10,126.36,052,2.7,069km S 28° E of Governor Generoso (Davao Oriental),069,S 28° E,Governor Generoso (Davao Oriental)
2026-10-08T04:25:00.000Z,08 October 2026 - 04:25 AM,17.68,120.79,009,2.5,006km S 83° E of San Juan (Abra),006,S 83° E,San Juan (Abra)
2026-10-08T04:14:00.000Z,08 October 2026 - 04:14 AM,08.21,122.25,011,2.4,031km N 34° W of Gutalac (Zamboanga Del Norte),031,N 34° W,Gutalac (Zamboanga Del Norte)
2026-10-08T04:01:00.000Z,08 October 2026 - 04:01 AM,15.59,120.03,053,1.8,010km N 54° E of Masinloc (Zambales),010,N 54° E,Masinloc (Zambales)
2026-10-08T03:31:00.000Z,08 October 2026 - 03:31 AM,09.64,126.46,027,1.6,037km S 65° E of General Luna (Surigao Del Norte),037,S 65° E,General Luna (Surigao Del Norte)
2026-10-08T02:53:00.000Z,08 October 2026 - 02:53 AM,19.48,121.51,017,2.4,025km N 09° E of Calayan (Cagayan),025,N 09° E,Calayan (Cagayan)
2026-10-08T02:27:00.000Z,08 October 2026 - 02:27 AM,13.11,124.19,024,1.6,008km N 01° E of Prieto Diaz (Sorsogon),008,N 01° E,Prieto Diaz (Sorsogon)
2026-10-08T02:08:00.000Z,08 October 2026 - 02:08 AM,12.98,120.61,050,2.0,017km S 47° W of Santa Cruz (Occidental Mindoro),017,S 47° W,Santa Cruz (Occidental Mindoro)
2026-10-08T01:52:00.000Z,08 October 2026 - 01:52 AM,05.62,125.38,032,1.6,019km N 30° W of Sarangani Island (Municipality Of Sarangani) (Davao Occidental),019,N 30° W,Sarangani Island (Municipality Of Sarangani) (Davao Occidental)
2026-10-08T01:43:00.000Z,08 October 2026 - 01:43 AM,07.47,127.00,004,2.6,050km S 77° E of Baganga (Davao Oriental),050,S 77° E,Baganga (Davao Oriental)
2026-10-08T01:06:00.000Z,08 October 2026 - 01:06 AM,06.63,126.38,024,2.4,035km S 86° E of Governor Generoso (Davao Oriental),035,S 86° E,Governor Generoso (Davao Oriental)
2026-10-08T00:58:00.000Z,08 October 2026 - 12:58 AM,16.68,120.56,121,4.0,010km S 79° W of Kibungan (Benguet),010,S 79° W,Kibungan (Benguet)
2026-10-08T00:57:00.000Z,08 October 2026 - 12:57 AM,07.90,126.58,024,2.9,018km N 51° E of Cateel (Davao Oriental),018,N 51° E,Cateel (Davao Oriental)
2026-10-08T00:42:00.000Z,08 October 2026 - 12:42 AM,05.21,125.89,115,4.9,057km S 67° E of Balut Island (Municipality Of Sarangani) (Davao Occidental),057,S 67° E,Balut Island (Municipality Of Sarangani) (Davao Occidental)
2026-10-08T00:12:00.000Z,08 October 2026 - 12:12 AM,07.70,126.99,017,1.8,049km N 73° E of Baganga (Davao Oriental),049,N 73° E,Baganga (Davao Oriental)
2026-10-07T23:23:00.000Z,07 October 2026 - 11:23 PM,05.25,125.37,007,2.6,019km S 16° W of Balut Island (Municipality Of Sarangani) (Davao Occidental),019,S 16° W,Balut Island (Municipality Of Sarangani) (Davao Occidental)
2026-10-07T23:02:00.000Z,07 October 2026 - 11:02 PM,06.58,126.47,025,2.7,045km S 80° E of Governor Generoso (Davao Oriental),045,S 80° E,Governor Generoso (Davao Oriental)
2026-10-07T22:49:00.000Z,07 October 2026 - 10:49 PM,17.05,120.51,013,2.2,007km N 01° W of Suyo (Ilocos Sur),007,N 01° W,Suyo (Ilocos Sur)
2026-10-07T21:29:00.000Z,07 October 2026 - 09:29 PM,17.29,121.52,059,2.3,009km S 74° W of Quezon (Isabela),009,S 74° W,Quezon (Isabela)
2026-10-07T21:04:00.000Z,07 October 2026 - 09:04 PM,05.65,125.32,025,2.2,023km S 35° E of Glan (Sarangani),023,S 35° E,Glan (Sarangani)
2026-10-07T20:56:00.000Z,07 October 2026 - 08:56 PM,09.38,125.36,002,3.2,018km N 77° W of Jabonga (Agusan Del Norte),018,N 77° W,Jabonga (Agusan Del Norte)
2026-10-07T20:54:00.000Z,07 October 2026 - 08:54 PM,19.11,121.23,026,1.9,002km N 70° E of Dalupiri Island (Calayan) (Cagayan),002,N 70° E,Dalupiri Island (Calayan) (Cagayan)
2026-10-07T18:26:00.000Z,07 October 2026 - 06:26 PM,12.31,123.88,010,1.7,013km N 10° E of Dimasalang (Masbate),013,N 10° E,Dimasalang (Masbate)
2026-10-07T17:55:00.000Z,07 October 2026 - 05:55 PM,05.76,125.42,023,2.1,025km S 74° E of Glan (Sarangani),025,S 74° E,Glan (Sarangani)
2026-10-07T17:38:00.000Z,07 October 2026 - 05:38 PM,16.31,122.13,013,1.8,004km N 16° E of Casiguran (Aurora),004,N 16° E,Casiguran (Aurora)
2026-10-07T15:56:00.000Z,07 October 2026 - 03:56 PM,17.84,120.72,010,2.4,009km S 34° E of Nueva Era (Ilocos Norte),009,S 34° E,Nueva Era (Ilocos Norte)
2026-10-07T15:10:00.000Z,07 October 2026 - 03:10 PM,05.95,124.63,029,2.0,005km S 04° E of Kiamba (Sarangani),005,S 04° E,Kiamba (Sarangani)
2026-10-07T14:58:00.000Z,07 October 2026 - 02:58 PM,06.83,126.19,033,2.6,012km S 87° E of San Isidro (Davao Oriental),012,S 87° E,San Isidro (Davao Oriental)
2026-10-07T14:10:00.000Z,07 October 2026 - 02:10 PM,13.65,120.83,004,2.2,005km S 77° W of Tingloy (Batangas),005,S 77° W,Tingloy (Batangas)
2026-10-07T13:57:00.000Z,07 October 2026 - 01:57 PM,05.59,126.72,053,2.9,124km S 73° E of Jose Abad Santos (Davao Occidental),124,S 73° E,Jose Abad Santos (Davao Occidental)
2026-10-07T13:53:00.000Z,07 October 2026 - 01:53 PM,07.98,126.88,007,2.0,052km N 66° E of Cateel (Davao Oriental),052,N 66° E,Cateel (Davao Oriental)
2026-10-07T13:06:00.000Z,07 October 2026 - 01:06 PM,17.86,120.70,007,1.7,007km S 36° E of Nueva Era (Ilocos Norte),007,S 36° E,Nueva Era (Ilocos Norte)
2026-10-07T12:46:00.000Z,07 October 2026 - 12:46 PM,19.27,121.47,017,1.6,001km N 25° W of Calayan (Cagayan),001,N 25° W,Calayan (Cagayan)
2026-10-07T12:38:00.000Z,07 October 2026 - 12:38 PM,06.56,126.47,033,2.7,045km S 77° E of Governor Generoso (Davao Oriental),045,S 77° E,Governor Generoso (Davao Oriental)
2026-10-07T11:16:00.000Z,07 October 2026 - 11:16 AM,12.60,121.78,031,1.5,027km N 70° W of San Andres (Romblon),027,N 70° W,San Andres (Romblon)
2026-10-07T11:02:00.000Z,07 October 2026 - 11:02 AM,11.17,124.09,008,3.4,018km N 41° E of City Of Bogo (Cebu),018,N 41° E,City Of Bogo (Cebu)
2026-10-07T10:51:00.000Z,07 October 2026 - 10:51 AM,09.64,126.18,034,1.5,016km S 08° E of General Luna (Surigao Del Norte),016,S 08° E,General Luna (Surigao Del Norte)
2026-10-07T09:13:00.000Z,07 October 2026 - 09:13 AM,05.38,125.27,031,1.7,017km S 77° W of Balut Island (Municipality Of Sarangani) (Davao Occidental),017,S 77° W,Balut Island (Municipality Of Sarangani) (Davao Occidental)
2026-10-07T08:43:00.000Z,07 October 2026 - 08:43 AM,15.53,119.64,014,3.4,031km N 70° W of Palauig (Zambales),031,N 70° W,Palauig (Zambales)
2026-10-07T08:39:00.000Z,07 October 2026 - 08:39 AM,04.20,127.00,018,3.7,221km S 53° E of Balut Island (Municipality Of Sarangani) (Davao Occidental),221,S 53° E,Balut Island (Municipality Of Sarangani) (Davao Occidental)
2026-10-07T08:24:00.000Z,07 October 2026 - 08:24 AM,10.46,123.10,003,2.0,016km N 58° W of City Of Canlaon (Negros Oriental),016,N 58° W,City Of Canlaon (Negros Oriental)
2026-10-07T08:23:00.000Z,07 October 2026 - 08:23 AM,16.48,120.56,017,2.9,005km N 46° W of La Trinidad (Benguet),005,N 46° W,La Trinidad (Benguet)
2026-10-07T08:06:00.000Z,07 October 2026 - 08:06 AM,05.83,125.30,016,1.9,011km N 85° E of Glan (Sarangani),011,N 85° E,Glan (Sarangani)
2026-10-07T07:57:00.000Z,07 October 2026 - 07:57 AM,07.93,123.12,032,1.5,009km N 29° E of Lakewood (Zamboanga Del Sur),009,N 29° E,Lakewood (Zamboanga Del Sur)
2026-10-07T07:13:00.000Z,07 October 2026 - 07:13 AM,10.79,124.94,029,1.3,001km S 18° E of Javier (Leyte),001,S 18° E,Javier (Leyte)
2026-10-07T06:24:00.000Z,07 October 2026 - 06:24 AM,11.51,126.27,002,2.9,073km N 75° E of Hernani (Eastern Samar),073,N 75° E,Hernani (Eastern Samar)
2026-10-07T06:16:00.000Z,07 October 2026 - 06:16 AM,12.62,121.78,034,1.5,029km N 83° E of Roxas (Oriental Mindoro),029,N 83° E,Roxas (Oriental Mindoro)
2026-10-07T05:19:00.000Z,07 October 2026 - 05:19 AM,06.44,126.34,053,2.3,038km S 51° E of Governor Generoso (Davao Oriental),038,S 51° E,Governor Generoso (Davao Oriental)
2026-10-07T04:23:00.000Z,07 October 2026 - 04:23 AM,05.61,125.33,026,2.4,021km N 46° W of Sarangani Island (Municipality Of Sarangani) (Davao Occidental),021,N 46° W,Sarangani Island (Municipality Of Sarangani) (Davao Occidental)
2026-10-07T04:16:00.000Z,07 October 2026 - 04:16 AM,08.06,124.40,032,1.6,002km S 26° W of Tagoloan Ii (Lanao Del Sur),002,S 26° W,Tagoloan Ii (Lanao Del Sur)
2026-10-07T04:14:00.000Z,07 October 2026 - 04:14 AM,06.36,126.97,188,2.8,096km S 37° E of Tarragona (Davao Oriental),096,S 37° E,Tarragona (Davao Oriental)
2026-10-07T03:59:00.000Z,07 October 2026 - 03:59 AM,03.38,122.82,542,3.4,319km S 21° E of Tongkil (Sulu),319,S 21° E,Tongkil (Sulu)
2026-10-07T03:51:00.000Z,07 October 2026 - 03:51 AM,05.31,125.32,011,2.1,018km S 34° W of Balut Island (Municipality Of Sarangani) (Davao Occidental),018,S 34° W,Balut Island (Municipality Of Sarangani) (Davao Occidental)
2026-10-07T03:30:00.000Z,07 October 2026 - 03:30 AM,10.97,123.89,018,2.3,012km S 50° W of City Of Bogo (Cebu),012,S 50° W,City Of Bogo (Cebu)
2026-10-07T03:17:00.000Z,07 October 2026 - 03:17 AM,18.99,120.91,037,1.8,035km S 68° W of Dalupiri Island (Calayan) (Cagayan),035,S 68° W,Dalupiri Island (Calayan) (Cagayan)
2026-10-07T02:51:00.000Z,07 October 2026 - 02:51 AM,05.22,125.27,002,2.5,027km S 38° W of Balut Island (Municipality Of Sarangani) (Davao Occidental),027,S 38° W,Balut Island (Municipality Of Sarangani) (Davao Occidental)
2026-10-07T02:22:00.000Z,07 October 2026 - 02:22 AM,05.59,125.39,033,1.8,015km N 34° W of Sarangani Island (Municipality Of Sarangani) (Davao Occidental),015,N 34° W,Sarangani Island (Municipality Of Sarangani) (Davao Occidental)
2026-10-07T02:11:00.000Z,07 October 2026 - 02:11 AM,05.27,125.09,030,2.8,040km S 66° W of Balut Island (Municipality Of Sarangani) (Davao Occidental),040,S 66° W,Balut Island (Municipality Of Sarangani) (Davao Occidental)
2026-10-07T01:50:00.000Z,07 October 2026 - 01:50 AM,05.02,125.27,033,2.3,046km S 21° W of Balut Island (Municipality Of Sarangani) (Davao Occidental),046,S 21° W,Balut Island (Municipality Of Sarangani) (Davao Occidental)
2026-10-07T01:25:00.000Z,07 October 2026 - 01:25 AM,05.41,126.39,002,2.1,100km S 56° E of Jose Abad Santos (Davao Occidental),100,S 56° E,Jose Abad Santos (Davao Occidental)
2026-10-07T00:47:00.000Z,07 October 2026 - 12:47 AM,13.67,120.60,104,1.9,018km S 11° W of Calatagan (Batangas),018,S 11° W,Calatagan (Batangas)
2026-10-07T00:22:00.000Z,07 October 2026 - 12:22 AM,08.85,126.31,024,1.8,006km N 13° E of Marihatag (Surigao Del Sur),006,N 13° E,Marihatag (Surigao Del Sur)
2026-10-07T00:19:00.000Z,07 October 2026 - 12:19 AM,13.57,121.52,013,1.8,032km S 25° E of San Juan (Batangas),032,S 25° E,San Juan (Batangas)
2026-10-07T00:12:00.000Z,07 October 2026 - 12:12 AM,05.48,125.33,029,1.8,013km N 54° W of Balut Island (Municipality Of Sarangani) (Davao Occidental),013,N 54° W,Balut Island (Municipality Of Sarangani) (Davao Occidental)
2026-10-07T00:07:00.000Z,07 October 2026 - 12:07 AM,05.69,125.36,009,3.0,022km S 49° E of Glan (Sarangani),022,S 49° E,Glan (Sarangani)
2026-10-07T00:04:00.000Z,07 October 2026 - 12:04 AM,11.23,124.07,030,1.2,022km N 28° E of City Of Bogo (Cebu),022,N 28° E,City Of Bogo (Cebu)
2026-10-06T23:22:00.000Z,06 October 2026 - 11:22 PM,05.76,125.40,030,2.2,023km S 74° E of Glan (Sarangani),023,S 74° E,Glan (Sarangani)
2026-10-06T23:18:00.000Z,06 October 2026 - 11:18 PM,10.64,124.99,030,2.0,005km N 42° E of Mahaplag (Leyte),005,N 42° E,Mahaplag (Leyte)
2026-10-06T23:17:00.000Z,06 October 2026 - 11:17 PM,10.45,125.04,025,1.8,010km N 42° E of Sogod (Southern Leyte),010,N 42° E,Sogod (Southern Leyte)
2026-10-06T23:04:00.000Z,06 October 2026 - 11:04 PM,05.30,125.13,019,2.1,035km S 68° W of Balut Island (Municipality Of Sarangani) (Davao Occidental),035,S 68° W,Balut Island (Municipality Of Sarangani) (Davao Occidental)
2026-10-06T22:52:00.000Z,06 October 2026 - 10:52 PM,09.48,123.07,007,1.8,006km N 84° W of Pamplona (Negros Oriental),006,N 84° W,Pamplona (Negros Oriental)
2026-10-06T22:42:00.000Z,06 October 2026 - 10:42 PM,12.90,123.10,013,1.5,016km S 90° W of Claveria (Masbate),016,S 90° W,Claveria (Masbate)
2026-10-06T22:38:00.000Z,06 October 2026 - 10:38 PM,10.81,124.17,033,1.7,016km S 77° E of Borbon (Cebu),016,S 77° E,Borbon (Cebu)
2026-10-06T22:33:00.000Z,06 October 2026 - 10:33 PM,09.63,126.12,020,2.7,015km S 28° E of Dapa (Surigao Del Norte),015,S 28° E,Dapa (Surigao Del Norte)
2026-10-06T22:29:00.000Z,06 October 2026 - 10:29 PM,05.33,125.33,033,1.5,014km S 47° W of Balut Island (Municipality Of Sarangani) (Davao Occidental),014,S 47° W,Balut Island (Municipality Of Sarangani) (Davao Occidental)
2026-10-06T22:20:00.000Z,06 October 2026 - 10:20 PM,05.36,125.44,022,1.5,006km S 16° E of Balut Island (Municipality Of Sarangani) (Davao Occidental),006,S 16° E,Balut Island (Municipality Of Sarangani) (Davao Occidental)
2026-10-06T21:51:00.000Z,06 October 2026 - 09:51 PM,07.46,123.99,019,2.0,015km N 20° W of Bongo Island (Parang) (Maguindanao Del Norte),015,N 20° W,Bongo Island (Parang) (Maguindanao Del Norte)
2026-10-06T21:47:00.000Z,06 October 2026 - 09:47 PM,06.90,126.32,033,2.1,013km S 62° E of City Of Mati (Davao Oriental),013,S 62° E,City Of Mati (Davao Oriental)
2026-10-06T21:30:00.000Z,06 October 2026 - 09:30 PM,08.46,126.52,033,1.7,022km N 64° E of Hinatuan (Surigao Del Sur),022,N 64° E,Hinatuan (Surigao Del Sur)
2026-10-06T21:25:00.000Z,06 October 2026 - 09:25 PM,10.42,125.14,027,1.9,007km N 69° W of Hinunangan (Southern Leyte),007,N 69° W,Hinunangan (Southern Leyte)
2026-10-06T21:11:00.000Z,06 October 2026 - 09:11 PM,05.06,118.95,015,4.2,061km N 66° W of Sibutu (Tawi-tawi),061,N 66° W,Sibutu (Tawi-tawi)
2026-10-06T20:52:00.000Z,06 October 2026 - 08:52 PM,09.37,126.27,033,1.5,014km N 39° E of Cortes (Surigao Del Sur),014,N 39° E,Cortes (Surigao Del Sur)
2026-10-06T20:33:00.000Z,06 October 2026 - 08:33 PM,11.14,124.12,007,1.9,019km N 56° E of City Of Bogo (Cebu),019,N 56° E,City Of Bogo (Cebu)
2026-10-06T20:29:00.000Z,06 October 2026 - 08:29 PM,08.38,126.75,036,1.8,045km N 88° E of Hinatuan (Surigao Del Sur),045,N 88° E,Hinatuan (Surigao Del Sur)
2026-10-06T19:57:00.000Z,06 October 2026 - 07:57 PM,13.48,119.95,018,3.0,041km S 51° W of Looc (Occidental Mindoro),041,S 51° W,Looc (Occidental Mindoro)
2026-10-06T19:51:00.000Z,06 October 2026 - 07:51 PM,09.89,126.11,032,1.5,002km N 21° E of Pilar (Surigao Del Norte),002,N 21° E,Pilar (Surigao Del Norte)
2026-10-06T19:18:00.000Z,06 October 2026 - 07:18 PM,13.39,120.58,013,1.5,013km S 75° E of Paluan (Occidental Mindoro),013,S 75° E,Paluan (Occidental Mindoro)
2026-10-06T19:11:00.000Z,06 October 2026 - 07:11 PM,05.52,125.15,025,1.9,032km N 67° W of Balut Island (Municipality Of Sarangani) (Davao Occidental),032,N 67° W,Balut Island (Municipality Of Sarangani) (Davao Occidental)
2026-10-06T18:36:00.000Z,06 October 2026 - 06:36 PM,06.51,125.62,021,1.6,010km N 09° E of Malita (Davao Occidental),010,N 09° E,Malita (Davao Occidental)
2026-10-06T18:25:00.000Z,06 October 2026 - 06:25 PM,15.02,119.84,013,2.4,025km S 79° W of San Felipe (Zambales),025,S 79° W,San Felipe (Zambales)
2026-10-06T18:19:00.000Z,06 October 2026 - 06:19 PM,11.07,123.98,005,1.6,003km North of City Of Bogo (Cebu),003,North of City,Bogo (Cebu)
2026-10-06T18:10:00.000Z,06 October 2026 - 06:10 PM,09.79,126.14,020,1.7,003km N 59° W of General Luna (Surigao Del Norte),003,N 59° W,General Luna (Surigao Del Norte)
2026-10-06T18:09:00.000Z,06 October 2026 - 06:09 PM,05.02,125.44,002,1.9,043km S 03° E of Balut Island (Municipality Of Sarangani) (Davao Occidental),043,S 03° E,Balut Island (Municipality Of Sarangani) (Davao Occidental)
2026-10-06T17:25:00.000Z,06 October 2026 - 05:25 PM,17.14,120.36,018,1.7,009km S 73° W of City Of Candon (Ilocos Sur),009,S 73° W,City Of Candon (Ilocos Sur)
2026-10-06T16:52:00.000Z,06 October 2026 - 04:52 PM,09.65,126.09,021,2.2,013km S 17° E of Dapa (Surigao Del Norte),013,S 17° E,Dapa (Surigao Del Norte)
2026-10-06T16:45:00.000Z,06 October 2026 - 04:45 PM,11.59,124.78,018,2.0,005km S 22° W of Daram (Samar),005,S 22° W,Daram (Samar)
2026-10-06T16:31:00.000Z,06 October 2026 - 04:31 PM,09.35,122.18,018,2.9,042km S 48° W of Hinoba-an (Negros Occidental),042,S 48° W,Hinoba-an (Negros Occidental)
2026-10-06T16:14:00.000Z,06 October 2026 - 04:14 PM,06.91,123.93,020,2.5,020km S 28° W of Datu Blah T. Sinsuat (Maguindanao Del Norte),020,S 28° W,Datu Blah T. Sinsuat (Maguindanao Del Norte)
2026-10-06T13:12:00.000Z,06 October 2026 - 01:12 PM,18.73,120.77,028,3.3,019km N 05° W of Pagudpud (Ilocos Norte),019,N 05° W,Pagudpud (Ilocos Norte)
2026-10-06T12:42:00.000Z,06 October 2026 - 12:42 PM,09.52,123.07,004,2.1,008km N 47° W of Pamplona (Negros Oriental),008,N 47° W,Pamplona (Negros Oriental)
2026-10-06T11:55:00.000Z,06 October 2026 - 11:55 AM,05.34,125.19,029,1.8,027km S 74° W of Balut Island (Municipality Of Sarangani) (Davao Occidental),027,S 74° W,Balut Island (Municipality Of Sarangani) (Davao Occidental)
2026-10-06T11:23:00.000Z,06 October 2026 - 11:23 AM,12.13,125.08,041,1.7,010km N 36° E of San Jose De Buan (Samar),010,N 36° E,San Jose De Buan (Samar)
2026-10-06T10:42:00.000Z,06 October 2026 - 10:42 AM,05.61,125.28,029,1.8,025km S 20° E of Glan (Sarangani),025,S 20° E,Glan (Sarangani)
2026-10-06T10:28:00.000Z,06 October 2026 - 10:28 AM,05.64,125.33,028,2.0,027km N 21° W of Balut Island (Municipality Of Sarangani) (Davao Occidental),027,N 21° W,Balut Island (Municipality Of Sarangani) (Davao Occidental)
2026-10-06T09:54:00.000Z,06 October 2026 - 09:54 AM,12.14,125.06,024,2.4,010km N 24° E of San Jose De Buan (Samar),010,N 24° E,San Jose De Buan (Samar)
2026-10-06T08:13:00.000Z,06 October 2026 - 08:13 AM,02.83,125.62,008,3.1,287km S 04° E of Balut Island (Municipality Of Sarangani) (Davao Occidental),287,S 04° E,Balut Island (Municipality Of Sarangani) (Davao Occidental)
2026-10-06T07:36:00.000Z,06 October 2026 - 07:36 AM,09.09,126.14,027,1.6,004km N 51° W of City Of Tandag (Surigao Del Sur),004,N 51° W,City Of Tandag (Surigao Del Sur)
2026-10-06T07:36:00.000Z,06 October 2026 - 07:36 AM,07.13,126.24,065,2.2,020km N 08° E of City Of Mati (Davao Oriental),020,N 08° E,City Of Mati (Davao Oriental)
2026-10-06T05:04:00.000Z,06 October 2026 - 05:04 AM,05.37,125.50,028,1.6,009km S 60° E of Balut Island (Municipality Of Sarangani) (Davao Occidental),009,S 60° E,Balut Island (Municipality Of Sarangani) (Davao Occidental)
2026-10-06T04:55:00.000Z,06 October 2026 - 04:55 AM,05.33,125.26,033,1.5,020km S 63° W of Balut Island (Municipality Of Sarangani) (Davao Occidental),020,S 63° W,Balut Island (Municipality Of Sarangani) (Davao Occidental)
2026-10-06T04:54:00.000Z,06 October 2026 - 04:54 AM,04.52,125.95,148,2.6,114km S 30° E of Balut Island (Municipality Of Sarangani) (Davao Occidental),114,S 30° E,Balut Island (Municipality Of Sarangani) (Davao Occidental)
2026-10-06T04:44:00.000Z,06 October 2026 - 04:44 AM,06.62,126.41,025,2.5,037km S 85° E of Governor Generoso (Davao Oriental),037,S 85° E,Governor Generoso (Davao Oriental)
2026-10-06T04:28:00.000Z,06 October 2026 - 04:28 AM,10.92,123.91,008,2.5,016km S 28° W of City Of Bogo (Cebu),016,S 28° W,City Of Bogo (Cebu)
2026-10-06T04:25:00.000Z,06 October 2026 - 04:25 AM,09.07,126.28,033,1.6,007km N 45° E of Tago (Surigao Del Sur),007,N 45° E,Tago (Surigao Del Sur)
2026-10-06T03:56:00.000Z,06 October 2026 - 03:56 AM,05.68,125.18,028,1.6,016km S 10° W of Glan (Sarangani),016,S 10° W,Glan (Sarangani)
2026-10-06T03:24:00.000Z,06 October 2026 - 03:24 AM,08.11,126.62,032,1.5,024km N 72° E of Lingig (Surigao Del Sur),024,N 72° E,Lingig (Surigao Del Sur)
2026-10-06T03:23:00.000Z,06 October 2026 - 03:23 AM,05.31,125.46,012,1.6,012km S 23° E of Balut Island (Municipality Of Sarangani) (Davao Occidental),012,S 23° E,Balut Island (Municipality Of Sarangani) (Davao Occidental)
2026-10-06T02:41:00.000Z,06 October 2026 - 02:41 AM,17.98,121.26,019,1.6,009km S 61° E of Kabugao (Apayao),009,S 61° E,Kabugao (Apayao)
2026-10-06T02:39:00.000Z,06 October 2026 - 02:39 AM,17.32,122.48,030,2.3,020km S 86° E of Divilacan (Isabela),020,S 86° E,Divilacan (Isabela)
2026-10-06T02:22:00.000Z,06 October 2026 - 02:22 AM,06.73,126.73,028,2.6,047km S 41° E of Tarragona (Davao Oriental),047,S 41° E,Tarragona (Davao Oriental)
2026-10-06T01:09:00.000Z,06 October 2026 - 01:09 AM,05.32,125.24,002,1.4,022km S 63° W of Balut Island (Municipality Of Sarangani) (Davao Occidental),022,S 63° W,Balut Island (Municipality Of Sarangani) (Davao Occidental)
2026-10-06T00:56:00.000Z,06 October 2026 - 12:56 AM,05.66,125.44,029,1.8,021km N 11° W of Sarangani Island (Municipality Of Sarangani) (Davao Occidental),021,N 11° W,Sarangani Island (Municipality Of Sarangani) (Davao Occidental)
2026-10-06T00:54:00.000Z,06 October 2026 - 12:54 AM,05.93,125.38,017,1.6,010km S 68° E of Malapatan (Sarangani),010,S 68° E,Malapatan (Sarangani)
2026-10-06T00:43:00.000Z,06 October 2026 - 12:43 AM,20.85,121.87,018,2.9,008km N 20° E of Itbayat (Batanes),008,N 20° E,Itbayat (Batanes)
2026-10-06T00:20:00.000Z,06 October 2026 - 12:20 AM,05.66,124.90,004,2.7,025km S 25° W of Maasim (Sarangani),025,S 25° W,Maasim (Sarangani)
2026-10-06T00:10:00.000Z,06 October 2026 - 12:10 AM,09.00,126.34,032,1.3,007km N 58° E of Bayabas (Surigao Del Sur),007,N 58° E,Bayabas (Surigao Del Sur)
2026-10-06T00:01:00.000Z,06 October 2026 - 12:01 AM,07.11,125.76,024,3.3,007km N 59° E of Island Garden City Of Samal (Davao Del Norte),007,N 59° E,Island Garden City Of Samal (Davao Del Norte)
2026-10-05T23:44:00.000Z,05 October 2026 - 11:44 PM,05.29,125.12,028,1.8,036km S 68° W of Balut Island (Municipality Of Sarangani) (Davao Occidental),036,S 68° W,Balut Island (Municipality Of Sarangani) (Davao Occidental)
2026-10-05T22:36:00.000Z,05 October 2026 - 10:36 PM,05.32,125.48,032,2.7,012km S 29° E of Balut Island (Municipality Of Sarangani) (Davao Occidental),012,S 29° E,Balut Island (Municipality Of Sarangani) (Davao Occidental)
2026-10-05T22:15:00.000Z,05 October 2026 - 10:15 PM,05.27,125.27,002,2.1,023km S 46° W of Balut Island (Municipality Of Sarangani) (Davao Occidental),023,S 46° W,Balut Island (Municipality Of Sarangani) (Davao Occidental)
2026-10-05T21:41:00.000Z,05 October 2026 - 09:41 PM,10.82,124.46,011,1.6,011km N 81° W of Pilar (Cebu),011,N 81° W,Pilar (Cebu)
2026-10-05T21:06:00.000Z,05 October 2026 - 09:06 PM,09.06,126.56,007,2.5,032km N 71° E of Bayabas (Surigao Del Sur),032,N 71° E,Bayabas (Surigao Del Sur)
2026-10-05T20:58:00.000Z,05 October 2026 - 08:58 PM,11.42,125.38,023,2.0,016km S 70° W of Balangkayan (Eastern Samar),016,S 70° W,Balangkayan (Eastern Samar)
2026-10-05T20:38:00.000Z,05 October 2026 - 08:38 PM,12.25,123.80,018,2.5,003km N 24° E of Uson (Masbate),003,N 24° E,Uson (Masbate)
2026-10-05T20:15:00.000Z,05 October 2026 - 08:15 PM,12.20,123.89,006,3.2,003km N 73° E of Dimasalang (Masbate),003,N 73° E,Dimasalang (Masbate)
2026-10-05T20:15:00.000Z,05 October 2026 - 08:15 PM,05.59,125.38,032,1.5,016km N 36° W of Sarangani Island (Municipality Of Sarangani) (Davao Occidental),016,N 36° W,Sarangani Island (Municipality Of Sarangani) (Davao Occidental)
2026-10-05T20:08:00.000Z,05 October 2026 - 08:08 PM,05.64,125.37,023,1.8,022km N 30° W of Sarangani Island (Municipality Of Sarangani) (Davao Occidental),022,N 30° W,Sarangani Island (Municipality Of Sarangani) (Davao Occidental)
2026-10-05T19:50:00.000Z,05 October 2026 - 07:50 PM,08.20,126.87,003,3.2,053km N 70° E of Lingig (Surigao Del Sur),053,N 70° E,Lingig (Surigao Del Sur)
2026-10-05T19:45:00.000Z,05 October 2026 - 07:45 PM,09.68,126.06,016,2.6,009km S 06° E of Dapa (Surigao Del Norte),009,S 06° E,Dapa (Surigao Del Norte)
2026-10-05T19:36:00.000Z,05 October 2026 - 07:36 PM,08.28,123.35,013,2.4,014km N 02° E of Dumingag (Zamboanga Del Sur),014,N 02° E,Dumingag (Zamboanga Del Sur)
2026-10-05T19:27:00.000Z,05 October 2026 - 07:27 PM,05.97,126.32,101,2.3,074km S 70° E of Don Marcelino (Davao Occidental),074,S 70° E,Don Marcelino (Davao Occidental)
2026-10-05T18:21:00.000Z,05 October 2026 - 06:21 PM,09.65,126.15,032,1.5,014km S 04° W of General Luna (Surigao Del Norte),014,S 04° W,General Luna (Surigao Del Norte)
2026-10-05T18:03:00.000Z,05 October 2026 - 06:03 PM,05.76,125.32,011,2.4,015km S 65° E of Glan (Sarangani),015,S 65° E,Glan (Sarangani)
2026-10-05T18:00:00.000Z,05 October 2026 - 06:00 PM,05.46,125.35,044,2.3,009km N 57° W of Balut Island (Municipality Of Sarangani) (Davao Occidental),009,N 57° W,Balut Island (Municipality Of Sarangani) (Davao Occidental)
2026-10-05T17:57:00.000Z,05 October 2026 - 05:57 PM,09.73,126.31,035,1.7,018km S 72° E of General Luna (Surigao Del Norte),018,S 72° E,General Luna (Surigao Del Norte)
2026-10-05T17:15:00.000Z,05 October 2026 - 05:15 PM,05.72,125.91,008,2.6,036km S 54° E of Jose Abad Santos (Davao Occidental),036,S 54° E,Jose Abad Santos (Davao Occidental)
2026-10-05T16:28:00.000Z,05 October 2026 - 04:28 PM,09.66,126.16,021,3.3,013km S 02° E of General Luna (Surigao Del Norte),013,S 02° E,General Luna (Surigao Del Norte)
2026-10-05T15:12:00.000Z,05 October 2026 - 03:12 PM,15.25,119.82,033,1.5,019km S 63° W of Iba (Zambales),019,S 63° W,Iba (Zambales)
2026-10-05T15:01:00.000Z,05 October 2026 - 03:01 PM,12.83,123.18,009,2.6,011km S 44° W of Claveria (Masbate),011,S 44° W,Claveria (Masbate)
2026-10-05T14:14:00.000Z,05 October 2026 - 02:14 PM,04.48,127.10,175,4.1,212km S 59° E of Sarangani Island (Municipality Of Sarangani) (Davao Occidental),212,S 59° E,Sarangani Island (Municipality Of Sarangani) (Davao Occidental)
2026-10-05T13:55:00.000Z,05 October 2026 - 01:55 PM,06.61,126.34,030,2.4,030km S 82° E of Governor Generoso (Davao Oriental),030,S 82° E,Governor Generoso (Davao Oriental)
2026-10-05T12:21:00.000Z,05 October 2026 - 12:21 PM,12.21,123.86,007,3.5,002km N 08° E of Dimasalang (Masbate),002,N 08° E,Dimasalang (Masbate)
2026-10-05T12:12:00.000Z,05 October 2026 - 12:12 PM,05.82,125.38,026,1.7,019km S 89° E of Glan (Sarangani),019,S 89° E,Glan (Sarangani)
2026-10-05T12:03:00.000Z,05 October 2026 - 12:03 PM,16.29,119.78,010,2.9,015km N 39° W of Bani (Pangasinan),015,N 39° W,Bani (Pangasinan)
2026-10-05T11:28:00.000Z,05 October 2026 - 11:28 AM,12.79,121.68,034,1.3,014km S 20° W of Concepcion (Romblon),014,S 20° W,Concepcion (Romblon)
2026-10-05T11:26:00.000Z,05 October 2026 - 11:26 AM,13.72,121.68,033,1.7,026km S 33° W of Padre Burgos (Quezon),026,S 33° W,Padre Burgos (Quezon)
2026-10-05T11:00:00.000Z,05 October 2026 - 11:00 AM,11.11,124.07,004,1.4,012km N 53° E of City Of Bogo (Cebu),012,N 53° E,City Of Bogo (Cebu)
2026-10-05T10:59:00.000Z,05 October 2026 - 10:59 AM,05.37,125.27,029,2.0,017km S 73° W of Balut Island (Municipality Of Sarangani) (Davao Occidental),017,S 73° W,Balut Island (Municipality Of Sarangani) (Davao Occidental)
2026-10-05T10:43:00.000Z,05 October 2026 - 10:43 AM,05.60,125.14,033,1.4,026km S 15° W of Glan (Sarangani),026,S 15° W,Glan (Sarangani)
2026-10-05T10:15:00.000Z,05 October 2026 - 10:15 AM,03.71,125.76,142,3.0,192km S 11° E of Balut Island (Municipality Of Sarangani) (Davao Occidental),192,S 11° E,Balut Island (Municipality Of Sarangani) (Davao Occidental)
2026-10-05T10:04:00.000Z,05 October 2026 - 10:04 AM,10.89,123.98,010,2.3,017km S 01° E of City Of Bogo (Cebu),017,S 01° E,City Of Bogo (Cebu)
2026-10-04T14:26:00.000Z,04 October 2026 - 02:26 PM,09.62,126.18,019,2.8,018km S 07° E of General Luna (Surigao Del Norte),018,S 07° E,General Luna (Surigao Del Norte)
2026-10-04T11:27:00.000Z,04 October 2026 - 11:27 AM,05.65,125.29,029,2.0,021km S 26° E of Glan (Sarangani),021,S 26° E,Glan (Sarangani)
2026-10-05T08:04:00.000Z,05 October 2026 - 08:04 AM,14.37,121.33,031,1.6,001km N 13° E of Jala-jala (Rizal),001,N 13° E,Jala-jala (Rizal)
2026-10-05T07:27:00.000Z,05 October 2026 - 07:27 AM,05.37,125.40,033,1.8,005km S 32° W of Balut Island (Municipality Of Sarangani) (Davao Occidental),005,S 32° W,Balut Island (Municipality Of Sarangani) (Davao Occidental)
2026-10-05T05:54:00.000Z,05 October 2026 - 05:54 AM,09.94,126.06,036,1.8,003km N 88° W of San Isidro (Surigao Del Norte),003,N 88° W,San Isidro (Surigao Del Norte)
2026-10-05T05:35:00.000Z,05 October 2026 - 05:35 AM,05.01,125.42,006,2.8,044km S 01° E of Balut Island (Municipality Of Sarangani) (Davao Occidental),044,S 01° E,Balut Island (Municipality Of Sarangani) (Davao Occidental)
2026-10-05T05:05:00.000Z,05 October 2026 - 05:05 AM,06.58,126.46,025,2.7,043km S 79° E of Governor Generoso (Davao Oriental),043,S 79° E,Governor Generoso (Davao Oriental)
2026-10-05T04:57:00.000Z,05 October 2026 - 04:57 AM,05.49,125.41,033,1.8,007km N 75° W of Sarangani Island (Municipality Of Sarangani) (Davao Occidental),007,N 75° W,Sarangani Island (Municipality Of Sarangani) (Davao Occidental)
2026-10-05T04:54:00.000Z,05 October 2026 - 04:54 AM,08.01,127.08,033,2.6,075km N 50° E of Baganga (Davao Oriental),075,N 50° E,Baganga (Davao Oriental)
2026-10-05T04:54:00.000Z,05 October 2026 - 04:54 AM,11.15,124.16,006,3.2,023km N 60° E of City Of Bogo (Cebu),023,N 60° E,City Of Bogo (Cebu)
2026-10-05T04:50:00.000Z,05 October 2026 - 04:50 AM,05.90,126.04,040,2.3,044km S 88° E of Jose Abad Santos (Davao Occidental),044,S 88° E,Jose Abad Santos (Davao Occidental)
2026-10-05T04:18:00.000Z,05 October 2026 - 04:18 AM,09.78,126.74,030,2.7,064km N 90° E of General Luna (Surigao Del Norte),064,N 90° E,General Luna (Surigao Del Norte)
2026-10-05T04:08:00.000Z,05 October 2026 - 04:08 AM,17.21,121.61,025,2.3,001km N 63° W of Mallig (Isabela),001,N 63° W,Mallig (Isabela)
2026-10-05T03:19:00.000Z,05 October 2026 - 03:19 AM,17.51,119.83,006,2.8,057km S 81° W of Santa Catalina (Ilocos Sur),057,S 81° W,Santa Catalina (Ilocos Sur)
2026-10-05T03:06:00.000Z,05 October 2026 - 03:06 AM,11.12,124.10,005,2.2,015km S 87° E of Medellin (Cebu),015,S 87° E,Medellin (Cebu)
2026-10-05T03:01:00.000Z,05 October 2026 - 03:01 AM,15.38,119.85,034,1.5,009km S 44° W of Palauig (Zambales),009,S 44° W,Palauig (Zambales)
2026-10-05T03:01:00.000Z,05 October 2026 - 03:01 AM,09.08,126.26,040,1.5,007km N 19° E of Tago (Surigao Del Sur),007,N 19° E,Tago (Surigao Del Sur)
2026-10-05T02:31:00.000Z,05 October 2026 - 02:31 AM,07.76,121.43,028,2.6,079km N 86° W of Siocon (Zamboanga Del Norte),079,N 86° W,Siocon (Zamboanga Del Norte)
2026-10-05T02:00:00.000Z,05 October 2026 - 02:00 AM,09.75,126.60,007,2.0,049km S 85° E of General Luna (Surigao Del Norte),049,S 85° E,General Luna (Surigao Del Norte)
2026-10-05T01:07:00.000Z,05 October 2026 - 01:07 AM,19.58,121.77,004,2.6,017km N 62° W of Babuyan Island (Calayan) (Cagayan),017,N 62° W,Babuyan Island (Calayan) (Cagayan)
2026-10-05T01:02:00.000Z,05 October 2026 - 01:02 AM,05.18,125.36,007,2.6,027km S 16° W of Balut Island (Municipality Of Sarangani) (Davao Occidental),027,S 16° W,Balut Island (Municipality Of Sarangani) (Davao Occidental)
2026-10-05T00:56:00.000Z,05 October 2026 - 12:56 AM,09.61,126.18,025,2.5,019km S 08° E of General Luna (Surigao Del Norte),019,S 08° E,General Luna (Surigao Del Norte)
2026-10-05T00:43:00.000Z,05 October 2026 - 12:43 AM,08.00,126.70,042,2.1,032km S 82° E of Lingig (Surigao Del Sur),032,S 82° E,Lingig (Surigao Del Sur)
2026-10-04T23:52:00.000Z,04 October 2026 - 11:52 PM,06.52,126.43,023,3.9,042km S 69° E of Governor Generoso (Davao Oriental),042,S 69° E,Governor Generoso (Davao Oriental)
2026-10-04T23:44:00.000Z,04 October 2026 - 11:44 PM,06.81,125.72,031,2.0,030km S 03° E of Island Garden City Of Samal (Davao Del Norte),030,S 03° E,Island Garden City Of Samal (Davao Del Norte)
2026-10-04T23:38:00.000Z,04 October 2026 - 11:38 PM,06.51,126.49,026,3.1,049km S 71° E of Governor Generoso (Davao Oriental),049,S 71° E,Governor Generoso (Davao Oriental)
2026-10-04T23:22:00.000Z,04 October 2026 - 11:22 PM,12.86,122.99,013,2.2,028km S 81° W of Claveria (Masbate),028,S 81° W,Claveria (Masbate)
2026-10-04T23:19:00.000Z,04 October 2026 - 11:19 PM,05.47,125.18,033,1.6,028km N 78° W of Balut Island (Municipality Of Sarangani) (Davao Occidental),028,N 78° W,Balut Island (Municipality Of Sarangani) (Davao Occidental)
2026-10-04T23:10:00.000Z,04 October 2026 - 11:10 PM,05.76,125.37,021,1.9,019km S 69° E of Glan (Sarangani),019,S 69° E,Glan (Sarangani)
2026-10-04T22:58:00.000Z,04 October 2026 - 10:58 PM,04.07,125.77,129,3.1,140km S 19° E of Balut Island (Municipality Of Sarangani) (Davao Occidental),140,S 19° E,Balut Island (Municipality Of Sarangani) (Davao Occidental)
2026-10-04T22:51:00.000Z,04 October 2026 - 10:51 PM,12.95,123.11,009,1.8,016km N 72° W of Claveria (Masbate),016,N 72° W,Claveria (Masbate)
2026-10-04T22:44:00.000Z,04 October 2026 - 10:44 PM,04.34,125.02,007,3.2,040km S 12° W of Balut Island (Municipality Of Sarangani) (Davao Occidental),040,S 12° W,Balut Island (Municipality Of Sarangani) (Davao Occidental)
2026-10-04T22:22:00.000Z,04 October 2026 - 10:22 PM,12.28,120.71,033,1.8,034km S 54° W of Rizal (Occidental Mindoro),034,S 54° W,Rizal (Occidental Mindoro)
2026-10-04T21:34:00.000Z,04 October 2026 - 09:34 PM,16.33,119.42,015,3.2,046km N 60° W of Agno (Pangasinan),046,N 60° W,Agno (Pangasinan)
2026-10-04T21:33:00.000Z,04 October 2026 - 09:33 PM,12.25,120.70,009,1.6,037km S 51° W of Rizal (Occidental Mindoro),037,S 51° W,Rizal (Occidental Mindoro)
2026-10-04T21:13:00.000Z,04 October 2026 - 09:13 PM,19.42,121.71,011,1.7,023km S 65° W of Babuyan Island (Calayan) (Cagayan),023,S 65° W,Babuyan Island (Calayan) (Cagayan)
2026-10-04T19:33:00.000Z,04 October 2026 - 07:33 PM,16.36,122.10,008,1.8,010km N 16° W of Casiguran (Aurora),010,N 16° W,Casiguran (Aurora)
2026-10-04T19:27:00.000Z,04 October 2026 - 07:27 PM,13.98,120.31,062,2.0,024km N 58° E of Lubang (Occidental Mindoro),024,N 58° E,Lubang (Occidental Mindoro)
2026-10-04T19:21:00.000Z,04 October 2026 - 07:21 PM,05.33,125.44,038,2.7,009km S 16° E of Balut Island (Municipality Of Sarangani) (Davao Occidental),009,S 16° E,Balut Island (Municipality Of Sarangani) (Davao Occidental)
2026-10-04T19:11:00.000Z,04 October 2026 - 07:11 PM,07.15,127.06,010,3.9,057km S 83° E of Manay (Davao Oriental),057,S 83° E,Manay (Davao Oriental)
2026-10-04T18:38:00.000Z,04 October 2026 - 06:38 PM,07.20,124.64,035,2.0,007km N 54° E of Aleosan (Cotabato),007,N 54° E,Aleosan (Cotabato)
2026-10-04T18:07:00.000Z,04 October 2026 - 06:07 PM,13.22,120.44,023,2.5,017km S 89° W of Mamburao (Occidental Mindoro),017,S 89° W,Mamburao (Occidental Mindoro)
2026-10-04T18:06:00.000Z,04 October 2026 - 06:06 PM,07.42,126.56,014,2.9,010km N 06° W of Caraga (Davao Oriental),010,N 06° W,Caraga (Davao Oriental)
2026-10-04T16:47:00.000Z,04 October 2026 - 04:47 PM,14.01,124.48,006,3.1,022km N 69° E of Bagamanoc (Catanduanes),022,N 69° E,Bagamanoc (Catanduanes)
2026-10-04T16:35:00.000Z,04 October 2026 - 04:35 PM,09.62,126.09,028,1.7,014km N 88° E of Socorro (Surigao Del Norte),014,N 88° E,Socorro (Surigao Del Norte)
2026-10-04T16:28:00.000Z,04 October 2026 - 04:28 PM,14.30,124.35,030,2.1,034km N 34° E of Pandan (Catanduanes),034,N 34° E,Pandan (Catanduanes)
2026-10-04T16:25:00.000Z,04 October 2026 - 04:25 PM,05.95,125.29,025,2.0,002km S 03° E of Malapatan (Sarangani),002,S 03° E,Malapatan (Sarangani)
2026-10-04T15:35:00.000Z,04 October 2026 - 03:35 PM,05.60,127.21,138,3.1,171km S 47° E of Governor Generoso (Davao Oriental),171,S 47° E,Governor Generoso (Davao Oriental)
2026-10-04T15:07:00.000Z,04 October 2026 - 03:07 PM,05.92,127.38,043,2.3,162km S 40° E of Tarragona (Davao Oriental),162,S 40° E,Tarragona (Davao Oriental)
2026-10-04T14:25:00.000Z,04 October 2026 - 02:25 PM,09.55,126.14,043,2.9,021km S 68° E of Socorro (Surigao Del Norte),021,S 68° E,Socorro (Surigao Del Norte)
2026-10-04T13:07:00.000Z,04 October 2026 - 01:07 PM,07.86,122.99,027,1.5,006km N 74° W of Bayog (Zamboanga Del Sur),006,N 74° W,Bayog (Zamboanga Del Sur)
2026-10-04T12:59:00.000Z,04 October 2026 - 12:59 PM,05.60,125.23,024,2.7,025km S 06° E of Glan (Sarangani),025,S 06° E,Glan (Sarangani)
2026-10-04T12:26:00.000Z,04 October 2026 - 12:26 PM,10.92,123.93,004,1.7,011km S 78° W of Tabogon (Cebu),011,S 78° W,Tabogon (Cebu)
2026-10-04T11:48:00.000Z,04 October 2026 - 11:48 AM,05.46,125.37,024,2.1,008km N 46° W of Balut Island (Municipality Of Sarangani) (Davao Occidental),008,N 46° W,Balut Island (Municipality Of Sarangani) (Davao Occidental)
2026-10-04T11:28:00.000Z,04 October 2026 - 11:28 AM,05.80,125.30,020,1.8,010km S 78° E of Glan (Sarangani),010,S 78° E,Glan (Sarangani)
2026-10-04T11:26:00.000Z,04 October 2026 - 11:26 AM,13.53,120.65,139,2.7,012km N 41° W of Abra De Ilog (Occidental Mindoro),012,N 41° W,Abra De Ilog (Occidental Mindoro)
2026-10-04T10:43:00.000Z,04 October 2026 - 10:43 AM,13.68,120.44,012,2.5,022km S 77° E of Looc (Occidental Mindoro),022,S 77° E,Looc (Occidental Mindoro)
2026-10-04T09:12:00.000Z,04 October 2026 - 09:12 AM,08.97,126.62,006,2.6,035km N 82° E of Cagwait (Surigao Del Sur),035,N 82° E,Cagwait (Surigao Del Sur)
2026-10-04T09:03:00.000Z,04 October 2026 - 09:03 AM,12.84,122.93,012,1.7,033km S 09° W of San Pascual (Masbate),033,S 09° W,San Pascual (Masbate)
2026-10-04T08:36:00.000Z,04 October 2026 - 08:36 AM,08.57,124.64,021,1.9,009km N 55° E of Opol (Misamis Oriental),009,N 55° E,Opol (Misamis Oriental)
2026-10-04T08:16:00.000Z,04 October 2026 - 08:16 AM,07.11,126.77,018,2.8,028km S 67° E of Manay (Davao Oriental),028,S 67° E,Manay (Davao Oriental)
2026-10-04T08:00:00.000Z,04 October 2026 - 08:00 AM,11.76,124.81,032,1.6,008km S 78° W of City Of Catbalogan (Samar),008,S 78° W,City Of Catbalogan (Samar)
2026-10-04T07:28:00.000Z,04 October 2026 - 07:28 AM,05.63,125.29,029,1.8,023km S 24° E of Glan (Sarangani),023,S 24° E,Glan (Sarangani)
2026-10-04T07:14:00.000Z,04 October 2026 - 07:14 AM,03.37,123.69,600,4.2,296km S 40° W of Balut Island (Municipality Of Sarangani) (Davao Occidental),296,S 40° W,Balut Island (Municipality Of Sarangani) (Davao Occidental)
2026-10-04T06:43:00.000Z,04 October 2026 - 06:43 AM,05.67,125.12,028,1.7,019km S 30° W of Glan (Sarangani),019,S 30° W,Glan (Sarangani)
2026-10-04T06:38:00.000Z,04 October 2026 - 06:38 AM,13.53,125.00,020,2.3,070km S 78° E of Baras (Catanduanes),070,S 78° E,Baras (Catanduanes)
2026-10-04T06:20:00.000Z,04 October 2026 - 06:20 AM,05.92,126.05,097,2.2,045km N 88° E of Jose Abad Santos (Davao Occidental),045,N 88° E,Jose Abad Santos (Davao Occidental)
2026-10-04T06:02:00.000Z,04 October 2026 - 06:02 AM,12.22,124.50,122,2.0,016km S 58° W of Lope De Vega (Northern Samar),016,S 58° W,Lope De Vega (Northern Samar)
2026-10-04T05:50:00.000Z,04 October 2026 - 05:50 AM,13.64,120.38,009,2.6,016km S 59° E of Looc (Occidental Mindoro),016,S 59° E,Looc (Occidental Mindoro)
